-0.031803362	-0.078944184	0.044553015	0.02373691	-0.025103142	0.0033517596	-0.42072174	0.17015357	0.009138412	0.055954408	-0.08097999	0.1627138	0.09155273	0.040179193	-0.07527694	0.0018151186
-0.053322926	-0.082706936	0.08398637	0.063745305	0.009612582	0.14562447	-0.37936467	0.07966991	-0.006895054	0.10719641	0.019536095	0.1431028	0.10001093	0.01244268	-0.026035823	0.09775267
0.2563619	0.016037207	-0.118317604	-0.20314853	0.21750186	-0.031083228	-0.66907	0.2953031	-0.24026284	-0.052607898	0.27979586	0.44395575	0.36813283	-0.28193235	0.28179345	-0.0010214191
-0.001966603	-0.051490802	-0.027405279	-0.040747877	-0.0038059014	-0.015065326	-0.49297103	0.14835656	-0.039438486	-0.012145665	0.057866234	0.20199856	0.11558156	-0.045112915	0.06801894	-0.10429669
-0.07842901	-0.16484694	0.10428929	0.15249625	-0.048225276	0.09063652	-0.59507483	0.07891222	0.057570577	0.16325834	-0.12286402	0.11916727	0.053659983	0.11878327	-0.087748036	0.030826358
-0.03030494	-0.092949376	0.04047994	0.09954663	-0.07230439	0.10281386	-0.33231154	0.02859845	0.085981615	0.13811909	-0.06404695	0.029302564	0.08165217	0.059837777	-0.07880183	0.09789907
0.19661781	0.1041912	-0.17940478	-0.13649277	0.17470944	-0.011805633	-0.35935548	0.17653275	-0.17931375	-0.06046005	0.25422958	0.2815955	0.19190677	-0.2010798	0.15685774	-0.0005890244
-0.09765012	-0.11123491	0.04998355	0.050046217	-0.041198988	0.023765042	-0.40426207	0.05619533	0.09354712	0.1206602	-0.12511706	0.028977562	0.044110693	0.06733293	-0.09534969	0.013321895
-0.008333145	-0.15415286	0.051065452	0.08944156	-0.016841257	0.10666233	-0.3763953	0.021884756	-0.0015871471	0.09546667	-0.04355079	0.047875125	0.098060064	0.05160722	-0.07056421	0.07844134
-0.12572768	-0.17570508	0.11467045	0.11851459	-0.048823528	0.15837227	-0.4777585	-0.00082385924	0.11496371	0.15789847	-0.13695888	0.0864878	-0.031574465	0.113826066	-0.134378	0.08606877
-0.02118908	-0.02959709	-0.04104202	0.044034746	0.07398391	-0.043344036	-0.5597169	0.11484567	-0.024735114	-0.017961547	0.009741544	0.1036095	0.15202273	-0.05076392	0.02786205	-0.18055652
0.09578581	0.12757742	-0.082441166	-0.059009083	0.09617905	-0.13306463	-0.2991122	0.13232452	-0.10604536	-0.1100118	0.09317562	0.14068845	0.15439658	-0.15550162	0.086814284	-0.1608786
-0.07772916	-0.08451673	0.104406655	0.06586199	-0.060113184	0.13926442	-0.14564233	0.0022274277	0.062308047	0.12500502	-0.05367733	0.07063881	-0.009038767	0.08187733	-0.04973057	0.07776657
-0.94226724	-0.7416033	0.8391395	0.9793257	-0.91132057	0.7844145	0.26767758	-0.70930123	0.93690276	0.8449594	-0.98241544	-0.8642795	-0.8425087	0.92834276	-0.95427126	0.8262025
-0.018230362	-0.09237395	0.080538996	0.113719314	-0.04264422	0.06981679	-0.3066086	0.014413779	0.07198587	0.131849	-0.022164125	-0.012056554	-0.00335415	0.049406182	-0.09491313	0.096816
-0.03388076	-0.07216748	0.008771948	0.09270556	-0.06738579	0.06410995	-0.50497735	0.047125027	0.06596804	0.084886864	-0.03657111	0.07586941	0.02369688	0.038562372	-0.022329528	-0.00062601385
0.1982654	0.09168587	-0.1524198	-0.09053853	0.16861872	0.033764392	-0.15305568	0.14164731	-0.16298687	-0.09682392	0.17344259	0.25851905	0.21299548	-0.15201345	0.14761737	0.037019
0.22978942	0.25108883	-0.17867771	-0.24025263	0.17055587	-0.13209112	-0.031470604	0.16156992	-0.24384606	-0.23405331	0.26922968	0.23724452	0.28799495	-0.19040737	0.2770783	-0.11478768
1.2628534	1.0370364	-1.1499132	-1.3204507	1.2128152	-1.1994014	-0.6339729	1.0657389	-1.3220438	-1.2525783	1.3882681	1.1449027	1.2314475	-1.2160255	1.3079976	-1.2697362
0.81405264	0.616759	-0.7052195	-0.8260713	0.82961935	-0.63905835	-0.67190284	0.7770127	-0.8931863	-0.7688456	0.8751232	0.8616161	0.8848798	-0.78470165	0.8282599	-0.6590726
0.076381676	0.023576966	-0.0047048815	0.013060504	-0.0131747145	0.005932808	-0.36981896	0.06643674	0.008020699	0.01506677	0.045292288	0.1245469	0.10914872	-0.029326603	0.04530188	-0.001979045
-0.092913404	-0.16581702	0.06201859	0.16256735	-0.15099601	0.07465129	-0.5178509	-0.0053185923	0.16607696	0.13806474	-0.14673303	0.004679312	0.0289967	0.1253417	-0.079959065	0.016484423
0.06621186	0.01764498	-0.010894361	-0.017695876	0.09065606	-0.042549048	-0.416534	0.17104246	-0.04426413	-0.02465149	0.11460412	0.18841907	0.19170672	-0.0904243	0.111118235	-0.04841012
0.18716604	0.1674172	-0.19477762	-0.18289398	0.18887305	-0.2598073	-0.52054924	0.29576677	-0.24796556	-0.25136524	0.21092941	0.3251972	0.254049	-0.17351328	0.2589927	-0.35035154
0.11370169	0.055173907	-0.13282767	-0.16959897	0.109038085	-0.11404183	-0.42087224	0.15890485	-0.09457516	-0.06951436	0.11295004	0.22440399	0.17048483	-0.17877027	0.12647673	-0.12408241
0.1606276	0.14451896	-0.13625887	-0.22552225	0.2107303	-0.16422522	-0.33023053	0.22059056	-0.18425305	-0.22760169	0.27182922	0.22900367	0.19407049	-0.22723764	0.17882834	-0.1692278
0.07717848	0.032374516	-0.050671034	0.036302526	-0.0088873375	-0.049869165	-0.40069476	0.092087224	-0.04084299	0.029972628	0.006422559	0.07508907	0.11056034	-0.00028878878	0.029664904	-0.073663175
0.15226711	0.12435913	-0.14616677	-0.13884413	0.10413515	-0.05697348	-0.37257966	0.1716447	-0.14728017	-0.121894725	0.1900727	0.22193305	0.20671791	-0.20189804	0.17308305	-0.120753996
-0.022334319	-0.094639346	0.11475526	0.11458361	-0.026798848	0.13030349	-0.17423245	0.010619814	0.010516819	0.103845134	-0.054051958	0.069119856	0.014911333	0.06857835	-0.0418389	0.093062215
-0.08698596	-0.11595782	0.07438618	0.11637071	-0.11169845	0.04300001	-0.20106328	-0.054368455	0.041656226	0.063474976	-0.010334273	-0.027154837	0.018163675	0.011901604	-0.03554321	0.17132552
0.04692635	0.10816515	-0.09253961	-0.040972967	0.11209607	-0.13275214	0.18152958	0.054414902	-0.07114229	-0.08531185	0.04910848	0.013806914	0.1138569	-0.010545706	0.029742349	-0.17183842
-0.30680147	-0.34799042	0.2586669	0.2810915	-0.3104119	0.27454174	-0.12581187	-0.18714893	0.3331281	0.3615431	-0.31354403	-0.24155709	-0.19336703	0.2521884	-0.2974234	0.28085336
0.19118902	0.16415554	-0.20333663	-0.2037974	0.17984985	-0.14689332	-0.24027385	0.16972117	-0.2577933	-0.2055681	0.20095472	0.20183276	0.22943513	-0.22159742	0.24822251	-0.19038023
0.25035954	0.18989417	-0.2153507	-0.20690364	0.2600645	-0.23959099	-0.42884907	0.2552561	-0.22209439	-0.23411694	0.2594573	0.2960649	0.25092477	-0.2178885	0.28942126	-0.23798175
0.41661447	0.33510885	-0.3923769	-0.42456126	0.40568015	-0.43035698	-0.5327312	0.37890953	-0.4118703	-0.37447104	0.42554107	0.37029833	0.4543503	-0.35621873	0.41316912	-0.45585138
0.25058714	0.11501384	-0.12013074	-0.17799312	0.14012608	-0.1010648	-0.45326325	0.2430176	-0.18429764	-0.16144474	0.24443793	0.32012987	0.24829186	-0.14846392	0.22386804	-0.09711394
0.22553587	0.13773897	-0.1240311	-0.15222323	0.20533805	-0.18770303	-0.4289822	0.18318498	-0.21757561	-0.16947487	0.16783006	0.19176473	0.26534328	-0.2039657	0.14076781	-0.23215207
-0.081491485	-0.17468978	0.18456033	0.18336374	-0.14146098	0.25131425	-0.06435909	-0.14590536	0.116189845	0.17987972	-0.114457145	-0.064999335	-0.078148134	0.083399326	-0.15009402	0.23428783
0.16247469	0.18575688	-0.19026196	-0.20541704	0.21951813	-0.26610348	-0.0030836514	0.20516935	-0.18400049	-0.15612854	0.18890208	0.11193251	0.16099587	-0.16404718	0.20442604	-0.23376179
-0.46290055	-0.41378418	0.39416268	0.44096223	-0.3914624	0.44233638	0.16530539	-0.31208757	0.43961954	0.42462584	-0.535935	-0.34805855	-0.41008383	0.43775707	-0.46957052	0.37992412
-0.018019563	-0.05331772	0.04748418	0.026370445	-0.03012117	0.013057949	-0.22548543	0.05123507	0.076991774	0.063180156	-0.0415989	0.05079575	-0.033970013	0.07874096	-0.052861854	0.065582424
0.49792007	0.4222388	-0.41086754	-0.5409347	0.47914952	-0.44721535	-0.46454334	0.44339314	-0.5286333	-0.45917115	0.5362839	0.50646365	0.48624548	-0.5622955	0.51749	-0.34153917
0.1157687	-0.00022431943	-0.04599363	-0.04896041	0.13477232	-0.07161267	-0.41828954	0.17931877	-0.09475843	-0.020564659	0.16597545	0.17582785	0.1391447	-0.13799715	0.084255144	-0.05474161
0.044880908	0.04379598	-0.0700562	-0.07509039	0.07779518	-0.07889964	-0.37898475	0.16200587	-0.06425023	-0.06543833	0.07540808	0.16138357	0.1413734	-0.02038403	0.08138907	-0.10260069
-0.032744564	-0.028972367	0.07847161	0.0570162	-0.053804185	-0.050716672	-0.17503896	0.00019471566	0.07967111	0.036926355	-0.050067987	-0.016625697	0.029616168	0.12160863	-0.062728286	0.009281601
-0.2840608	-0.24257182	0.26917738	0.25417936	-0.24892978	0.22169411	-0.31394222	-0.17984664	0.24454772	0.30614492	-0.2734092	-0.17212844	-0.23548292	0.2292412	-0.24461749	0.17927018
-0.055848062	-0.15362337	0.12550725	0.061284572	-0.06486493	0.18146546	0.14361247	-0.12708186	0.09619174	0.13165171	-0.10111314	-0.07150287	-0.042117808	0.1035455	-0.11178877	0.22038391
1.3758641	1.1066906	-1.2356124	-1.3835611	1.275212	-1.4398354	-1.1436256	1.2519996	-1.3684465	-1.3273537	1.4606196	1.3212641	1.3216758	-1.3015925	1.3972957	-1.3017657
-0.24163578	-0.26757064	0.27361497	0.31739202	-0.24940486	0.28215042	-0.038172964	-0.1614596	0.29237866	0.34321606	-0.31154242	-0.2248572	-0.21186651	0.3073347	-0.32181558	0.26261994
0.08709603	0.056539506	-0.07079204	-0.08127914	0.108057156	-0.024472056	-0.22115047	0.11200366	-0.09864031	-0.06877012	0.115282245	0.19804321	0.14663176	-0.13359633	0.10158418	0.0005281006
-0.6090573	-0.5117525	0.5328078	0.69559324	-0.58966655	0.5206877	-0.102948405	-0.369816	0.64164114	0.61399335	-0.63999283	-0.4490054	-0.51070786	0.62946063	-0.5979482	0.5676524
0.18919696	0.107342035	-0.14018667	-0.14528501	0.16842291	-0.09966779	-0.2436032	0.12866521	-0.18801172	-0.12678765	0.14105725	0.23447439	0.21686389	-0.21752074	0.18597364	-0.06516354
0.054343317	0.024068758	-0.11860856	-0.0864911	0.05128915	-0.15914361	-0.2624619	0.11453043	-0.07883943	-0.10941448	0.12745464	0.08854265	0.16233571	-0.12490116	0.11055304	-0.10319879
-0.2669989	-0.23819275	0.27789715	0.23130979	-0.30253625	0.2537345	0.07093647	-0.18896401	0.3100247	0.25766116	-0.23114142	-0.19963168	-0.22217305	0.27392834	-0.30546534	0.32262686
0.9608185	0.8462374	-0.8364972	-1.0224252	0.9393304	-0.86045295	-0.66205144	0.84544957	-0.9407087	-0.9458385	0.9890312	0.8371282	0.89489627	-0.9041568	0.98556167	-0.9214519
0.061527967	0.0730573	-0.05465124	-0.036367796	0.0030170975	-0.115229875	-0.28984547	0.068932615	-0.04915564	-0.06425703	0.08554107	0.07134732	0.015729008	-0.064214185	0.07846604	-0.17327218
-0.030844845	-0.0310231	0.046998203	-0.022680994	0.019770062	0.0018635406	-0.3346002	0.03079105	-0.019193059	-0.005857327	0.0477446	0.04108804	0.049039118	-0.051944256	0.02278857	-0.06835658
-0.016114336	-0.08834397	0.095803015	0.08083334	-0.04695988	0.115684	-0.08223827	0.004685643	0.032360088	0.05060325	-0.031561643	0.09952163	0.033092298	-0.04027192	0.0066347886	0.17061958
0.27343735	0.23508565	-0.26588523	-0.22849667	0.21088405	-0.21987736	-0.4234796	0.33068123	-0.29521888	-0.2055844	0.3268807	0.282977	0.3366971	-0.29752678	0.24019931	-0.26364365
-0.19026121	-0.23551671	0.22589709	0.24509546	-0.2186858	0.25988322	0.0028181754	-0.17350926	0.1718983	0.2567108	-0.27438864	-0.17029689	-0.1439298	0.2274114	-0.18216659	0.15983516
-0.10035645	-0.15241738	0.08951394	0.10138814	-0.11783383	0.119377494	-0.18413676	-0.08748688	0.0767551	0.08865288	-0.12010159	-0.03977575	-0.07590264	0.07029355	-0.10867004	0.17379919
-0.12417656	-0.101292685	0.14004983	0.09581581	-0.056744322	0.07494811	-0.21054986	-0.02203251	0.13860391	0.14465797	-0.16205834	-0.060569964	-0.035569437	0.09670959	-0.10390994	0.02909549
-0.12405727	0.0067708846	0.033232816	0.088629626	-0.1108697	0.012483405	0.45405075	-0.26028448	0.16396607	0.073338196	-0.14434357	-0.32636014	-0.21206993	0.13654804	-0.13860258	0.09833188
-0.42807722	-0.5240573	0.4540826	0.53194034	-0.44333383	0.5541561	0.122876726	-0.41988206	0.5179081	0.5048996	-0.5164423	-0.37018895	-0.3989748	0.45787904	-0.502465	0.5318427
-0.15593277	-0.15287699	0.11476523	0.1920567	-0.16700454	0.082631506	-0.28228477	-0.0071827285	0.18787812	0.17293856	-0.18891804	-0.07259064	-0.11221075	0.15935163	-0.17062204	0.057696696
0.2051526	0.123326674	-0.2192726	-0.21515746	0.17442444	-0.21724781	-0.43654546	0.23115872	-0.22086471	-0.17824897	0.28437352	0.28437674	0.30664733	-0.24762161	0.18670803	-0.20018718
-0.43597868	-0.42487362	0.3772647	0.50566214	-0.47246757	0.3629452	-0.09406212	-0.34707373	0.46661174	0.45529914	-0.45239025	-0.36362877	-0.35605693	0.39503184	-0.45906377	0.43429735
-0.4703687	-0.47277427	0.43397105	0.5409102	-0.4548246	0.39550123	0.0732509	-0.38567805	0.53141576	0.45009667	-0.49488282	-0.43348268	-0.4755337	0.44367298	-0.5357806	0.5076575
-0.17101915	-0.22650887	0.19737655	0.20654474	-0.22144574	0.13510057	-0.12857352	-0.1120843	0.2502349	0.2460385	-0.27316877	-0.13278833	-0.17526846	0.19381389	-0.24544418	0.2134006
0.65218866	0.6104351	-0.6801313	-0.70454913	0.60517645	-0.67688286	-0.6962701	0.67611414	-0.6328639	-0.7172743	0.69700164	0.68878347	0.7019892	-0.6789831	0.7004168	-0.64951694
0.25405702	0.18161833	-0.22981793	-0.30268937	0.25091588	-0.18495116	-0.32142755	0.16905728	-0.3049847	-0.24935344	0.2769984	0.2577393	0.2369725	-0.30022636	0.21512063	-0.18006939
0.1113679	0.05226586	-0.14264911	-0.1341492	0.0945103	-0.21700813	-0.42834666	0.22734804	-0.11418794	-0.13335943	0.12552744	0.12822117	0.17676118	-0.13142	0.09231429	-0.12486471
1.0784101	0.8539668	-0.9698744	-1.0251884	0.98921853	-0.9485484	-0.84919846	1.0229387	-1.1345189	-1.0402882	1.1880219	0.99302053	1.0394814	-1.0445508	1.1190504	-0.9547638
-0.14664783	-0.14863873	0.10571013	0.16287722	-0.17950879	0.10943624	-0.09200856	-0.10938727	0.14463615	0.21613897	-0.1807323	-0.09192625	-0.14799975	0.19064046	-0.13349156	0.13705364
-0.09952461	-0.10709468	0.16904674	0.13926457	-0.14661935	0.1572381	-0.18192586	-0.034284905	0.14236486	0.13768357	-0.15379156	-0.01170643	-0.08098	0.09916644	-0.12255513	0.049618952
0.93229467	0.77005523	-0.79419094	-0.9133824	0.8334186	-0.88312614	-0.6891135	0.80963534	-0.9672837	-0.8504855	0.9882505	0.8991087	0.8973229	-0.94845855	0.9612535	-0.84703493
-0.06033953	-0.106040634	0.14913252	0.08351831	-0.12323564	0.08601927	-0.12745447	-0.07161411	0.09476428	0.062759705	-0.09006366	-0.09593796	-0.043444283	0.15234624	-0.08229471	0.0144983595
-0.11727443	-0.14224838	0.17973137	0.1893873	-0.14604743	0.11062732	-0.18468094	-0.027377533	0.12543401	0.13388483	-0.19805071	-0.1070445	-0.13528104	0.1888254	-0.18295565	0.035480022
-0.4521212	-0.4385377	0.44508642	0.5211522	-0.47274	0.45561847	0.08184083	-0.3346302	0.53216064	0.5062447	-0.55160916	-0.40039524	-0.43883306	0.46873567	-0.48828757	0.4585529
0.6328529	0.4997929	-0.5331216	-0.5884786	0.6077208	-0.6170561	-0.52877885	0.52493626	-0.59445655	-0.5884257	0.65533525	0.6483493	0.61598855	-0.6200808	0.661438	-0.52122205
-0.06168218	-0.07401668	0.1383182	0.073583804	-0.07449366	0.07411491	-0.28651887	0.015409709	0.082567535	0.09973411	-0.105745524	0.011006944	-0.06074123	0.120194644	-0.05184615	0.0588895
0.093213625	0.12592341	-0.11869133	-0.116738275	0.11020139	-0.053318545	-0.11051934	0.070610814	-0.16176865	-0.09135506	0.17565633	0.16208282	0.10200901	-0.10807812	0.10464777	-0.0997296
-0.2662337	-0.1647265	0.21028493	0.25182858	-0.191942	0.12089397	-0.1686248	-0.13580465	0.26147312	0.26348856	-0.26021445	-0.18271258	-0.21703868	0.21034183	-0.20088455	0.14487618
0.04041195	0.04072535	-0.046968	-0.043289214	0.023426967	-0.05899572	-0.27908877	0.16992895	-0.08175487	-0.056786478	0.05923938	0.08275904	0.061655678	-0.023053385	0.017080504	-0.15786533
0.07308836	-0.006532106	-0.03519832	-0.059061695	-0.0032891054	-0.05757752	-0.32125387	0.14925413	-0.04692569	-0.06485677	0.035165682	0.13510792	0.11225747	-0.06622075	0.070247225	-0.06048695
-0.5664658	-0.55594337	0.5571615	0.6855114	-0.57928604	0.6087563	0.021065537	-0.4880027	0.5672538	0.63083243	-0.68557996	-0.5196918	-0.5020276	0.5686405	-0.6158897	0.5951715
-0.27672732	-0.24470878	0.30571967	0.32911375	-0.26582375	0.27462283	-0.0011258578	-0.17275068	0.25000307	0.29184315	-0.26185495	-0.23986588	-0.22273025	0.30416387	-0.26223603	0.27896512
1.1629372	1.0409263	-1.0741706	-1.1915499	1.0986323	-1.1932435	-0.98421985	1.0787969	-1.2004198	-1.1701118	1.2860299	1.1005522	1.1224836	-1.1515096	1.1840376	-1.2253584
0.42834422	0.262947	-0.39511088	-0.44668537	0.35972697	-0.3199491	-0.3503192	0.36228758	-0.45614424	-0.3591447	0.4766779	0.46248713	0.4669113	-0.45332238	0.43528816	-0.3203513
0.19438645	0.1346031	-0.14313285	-0.17296083	0.13499703	-0.13979353	-0.42562166	0.24772425	-0.22920834	-0.13604842	0.23586231	0.22607562	0.20492658	-0.2153387	0.21347512	-0.1566323
0.061005913	0.047445416	-0.04411969	0.017623259	-0.035989016	-0.13317578	-0.22829805	0.03604831	-0.031842105	-0.06668975	0.025521802	0.05945387	0.0880683	-0.052356474	0.04482583	-0.03047112
0.2504733	0.18384568	-0.16836561	-0.21641448	0.23221098	-0.1852796	-0.36141887	0.21906145	-0.17494972	-0.1356015	0.19331063	0.23609398	0.25728953	-0.22901924	0.24546629	-0.2271185
0.08039411	-0.04437421	-0.016436191	-0.059122007	0.041510813	-0.011538661	-0.31228745	0.1116217	-0.05442532	0.002194079	0.05227606	0.124538206	0.14805911	-0.02057819	0.06082022	0.010313164
-0.4101954	-0.19958213	0.35097724	0.4011024	-0.3633395	0.35405624	0.50134456	-0.46413413	0.38486618	0.30807313	-0.37290254	-0.5065334	-0.43124083	0.37919712	-0.40767074	0.3801583
0.11607088	0.11589237	-0.12441382	-0.012460265	0.06327949	-0.2441535	-0.34263098	0.14358456	-0.0845356	-0.057100423	0.023094423	0.067661665	0.1127387	-0.044803355	0.11439809	-0.18441279
0.60445756	0.46224207	-0.59087676	-0.6363805	0.55588204	-0.61102873	-0.6331552	0.5818413	-0.5843941	-0.57570887	0.63739485	0.6380583	0.63292426	-0.6043594	0.5917577	-0.5905171
-0.09613642	-0.105128124	0.1606766	0.17000571	-0.065270044	0.06734206	-0.10582479	-0.062301718	0.106479086	0.07835326	-0.14501934	-0.03239524	-0.029408816	0.08479407	-0.11440896	0.059985235
0.26127863	0.19816563	-0.2436548	-0.23805882	0.22707161	-0.26427466	-0.4812547	0.29669803	-0.25229642	-0.18697938	0.178311	0.28769127	0.3188469	-0.24190137	0.22166435	-0.30660582
0.24328235	0.2958802	-0.27762794	-0.35063842	0.28069645	-0.3659632	0.13543475	0.26474684	-0.32251492	-0.26394913	0.30031884	0.21576086	0.2352897	-0.3318893	0.30116084	-0.3073261
0.029053621	-0.007886571	-0.023704408	0.051759284	-0.027298203	-0.003281186	-0.24094677	0.008724459	-0.015251125	-0.057802998	0.0070203897	0.06574031	0.039215703	0.018700277	0.030096402	-0.085818164
0.08555511	0.04548726	-0.04104888	-0.10592024	0.056685988	-0.060133923	-0.0919814	0.09825454	-0.069622256	-0.07990049	0.09231259	0.03509582	0.09558197	-0.057346664	0.031283516	-0.0324256
0.2743594	0.24973084	-0.30998096	-0.25680172	0.3201703	-0.32917517	-0.51335734	0.33791003	-0.29814672	-0.2895756	0.28377008	0.29893255	0.31767294	-0.28899348	0.33180344	-0.37722746
0.004345573	0.10020565	-0.031169213	-0.01176326	0.08155873	-0.17109431	-0.39344254	0.108272076	-0.0022554956	-0.038622934	0.01645101	0.076305136	0.057589278	-0.04463475	0.018327652	-0.15832248
0.07319696	0.012531899	-0.042831875	-0.0014714709	0.067957155	-0.0966187	-0.3572541	0.14852244	-0.08632911	-0.04824902	0.021173427	0.15159334	0.056839954	-0.01572176	0.089388385	-0.09576746
-0.62861127	-0.5334201	0.53363514	0.655622	-0.56426775	0.53734297	0.11852752	-0.42578527	0.622239	0.56924504	-0.59977204	-0.5476989	-0.5287284	0.6030222	-0.56579804	0.49754724
-0.1420989	-0.24591531	0.20271009	0.23610045	-0.1647215	0.23963864	-0.1804593	-0.09806265	0.13865411	0.22226845	-0.12563264	-0.03291123	-0.046571866	0.17052272	-0.16502084	0.29436845
-0.3071629	-0.32379758	0.29056656	0.4142991	-0.34607238	0.40261206	0.016256347	-0.20496964	0.3338805	0.360108	-0.3697017	-0.1941291	-0.3068128	0.32426506	-0.28577572	0.32029256
-0.08815126	-0.13016471	0.13347648	0.09063059	-0.17332892	0.213638	-0.16103895	-0.03952743	0.13351394	0.15635522	-0.08447759	-0.07872678	-0.0476687	0.08476896	-0.10109418	0.14329742
-0.0026462525	0.0075641335	-0.00018531298	0.011185101	-0.040011015	-0.0050256974	-0.17262097	0.048696425	0.0066518397	0.05474556	-0.039467826	0.03058174	0.004254279	0.0012835178	0.009644342	-0.08281214
0.03670468	0.053162076	-0.02719702	0.012418136	0.05578314	-0.03846245	-0.12538815	0.10758101	-0.06256425	-0.037161622	0.010885688	0.08828953	0.10746934	-0.081409015	0.0022354932	-0.0706904
0.26593536	0.2421091	-0.2505155	-0.33670226	0.31588238	-0.24991807	-0.35827473	0.28552362	-0.27651212	-0.26537895	0.2779903	0.3391082	0.3242311	-0.29093626	0.33704013	-0.27511224
-1.180011	-1.1247048	1.0966147	1.2572923	-1.1046648	1.2881553	0.52839947	-0.96848744	1.2447699	1.1904955	-1.3221177	-1.0485789	-1.0816827	1.1459138	-1.1837054	1.3067194
-0.29547235	-0.38644344	0.3200281	0.35428202	-0.2812657	0.399365	0.019179583	-0.229905	0.35853395	0.34244186	-0.38961533	-0.23983143	-0.3347212	0.34747183	-0.3407176	0.2928934
-0.10794104	-0.13988714	0.089227796	0.1062215	-0.08035351	0.11068708	-0.15159073	-0.05541573	0.07671731	0.110042825	-0.040131636	-0.046754245	-0.042104036	0.04851188	-0.04118174	0.08910513
-1.0805714	-1.034999	1.0738744	1.166666	-1.0737896	1.2726047	0.79892427	-0.9422438	1.132705	1.1791251	-1.2116755	-1.0135891	-1.0894438	1.0393968	-1.2025393	1.2735015
-0.347932	-0.28733593	0.3831578	0.3213019	-0.31017873	0.3880803	0.22893016	-0.33598962	0.33676857	0.37250635	-0.3540192	-0.28731972	-0.342776	0.31766972	-0.32805791	0.30926785
-0.0428316	-0.042564943	0.0652262	-0.008679556	-0.089585334	0.034165207	-0.07613082	0.01900892	0.06190324	0.0022048876	-0.04894139	-0.017616255	0.0029009925	0.0712169	-0.07824705	0.009685628
0.050689865	-0.08643242	0.0042813467	0.041456852	-0.010378271	-0.011885716	-0.3197331	0.0859951	0.016667787	0.025796745	0.048335154	0.029810034	0.044516157	0.0044704177	0.015440875	0.04403324
-0.770717	-0.63967246	0.75076514	0.81179035	-0.7414909	0.7763167	0.3550912	-0.6797454	0.82146686	0.7926422	-0.8861794	-0.7059476	-0.67273307	0.7119745	-0.79314023	0.84412026
0.15839538	0.15649563	-0.13729161	-0.22045031	0.17538655	-0.13968882	0.34934917	0.08823613	-0.15853305	-0.19215104	0.18351938	0.07753902	0.16675204	-0.1393457	0.18298714	-0.10090657
-0.67976993	-0.5332478	0.6344885	0.6411637	-0.62131613	0.6577134	0.59210986	-0.5650325	0.7174577	0.6774976	-0.7361716	-0.6955135	-0.6739085	0.6441507	-0.6565184	0.59736794
-0.1481586	-0.215343	0.18998228	0.22677337	-0.17807317	0.1813256	-0.2055815	-0.101797916	0.15890937	0.14723168	-0.19680955	-0.051067915	-0.11776382	0.1338828	-0.2325482	0.07821503
0.040820435	0.05135601	-0.030382704	-0.06821569	0.07486107	-0.04385144	-0.15645184	0.041539673	-0.048385616	-0.07110026	0.116077416	0.017163236	0.09465777	-0.08107107	0.08920713	-0.04900158
1.2374731	1.173533	-1.1752269	-1.2935663	1.203057	-1.3605357	-1.0651432	1.1558504	-1.3246726	-1.3337151	1.3401496	1.1977215	1.246479	-1.2456664	1.3604594	-1.2748573
-1.2437578	-1.0938817	1.1830989	1.2375556	-1.1261208	1.4072365	0.56649506	-1.0623574	1.2419516	1.2843865	-1.3479652	-1.0990127	-1.1137117	1.230346	-1.235368	1.3352766
-0.20645714	-0.12917875	0.21391822	0.1919858	-0.15075785	0.13512413	-0.23827058	-0.047963064	0.16514127	0.19967952	-0.23764695	-0.09919197	-0.10691384	0.22208709	-0.18440655	0.17261069
-0.36510128	-0.4011503	0.36878803	0.4407204	-0.33857325	0.45100662	-0.022633282	-0.24633285	0.4417877	0.38871345	-0.44413903	-0.29459882	-0.3481832	0.36968824	-0.4185169	0.34709215
0.67494947	0.5841113	-0.63793296	-0.69460684	0.6890121	-0.7146165	-0.51815623	0.6149543	-0.7177817	-0.7300184	0.7878465	0.6469015	0.6899838	-0.71682185	0.6966185	-0.7318087
-0.44678986	-0.41486588	0.3844686	0.46155325	-0.41601053	0.3679846	0.108890384	-0.29651588	0.4422087	0.3712393	-0.44787323	-0.36691397	-0.35750562	0.38283658	-0.40846574	0.39656976
-0.29911783	-0.21454075	0.26957142	0.2629809	-0.21535616	0.12977184	-0.26090023	-0.1504511	0.26091546	0.2654898	-0.28504065	-0.22157082	-0.15788804	0.2504573	-0.2787773	0.18893543
0.034952722	-0.005370271	-0.085602514	-0.049545176	0.033821877	-0.0260315	-0.17149298	0.13692944	-0.043567203	-0.08849809	0.04693263	0.12651508	0.09316803	-0.08533943	0.080313906	-0.09094035
0.35323906	0.34496102	-0.29239318	-0.3366753	0.30286404	-0.2987614	-0.32610816	0.31380484	-0.36140954	-0.34608534	0.29982525	0.30203396	0.34778512	-0.2968647	0.34533992	-0.38422847
0.16074605	0.17650138	-0.105314195	-0.21067232	0.18062855	-0.17064041	-0.2194839	0.19272763	-0.17659062	-0.122763395	0.1832347	0.20091908	0.21500683	-0.20172098	0.18228829	-0.16414878
-0.08963384	-0.077603646	0.13499278	0.06416002	-0.11768819	0.11061819	-0.14373796	0.010105806	0.057316955	0.15017106	-0.069766775	-0.0058671026	-0.02296885	0.031819317	-0.09555395	0.15661013
-0.017689185	-0.10712577	0.11718498	0.13272794	-0.06232321	0.14702776	-0.09772055	0.004474959	0.06822408	0.069236636	-0.121808015	-0.026442986	-0.034747194	0.022772953	-0.05235056	0.08468633
0.49698263	0.28430343	-0.44108447	-0.47427762	0.47319198	-0.3340443	-0.40441114	0.49566782	-0.44220576	-0.43239892	0.54497755	0.4494502	0.51822567	-0.46433282	0.49573612	-0.3952123
0.1537695	0.13458417	-0.09072179	-0.06729152	0.14009365	-0.14993374	-0.3573656	0.1705197	-0.16902536	-0.16133705	0.07879902	0.14092413	0.16332215	-0.09532295	0.12151004	-0.17634198
-0.3222992	-0.2859724	0.287999	0.38570207	-0.2908274	0.2614243	0.08588259	-0.212699	0.3819648	0.37039462	-0.3528618	-0.24402753	-0.31071007	0.3067132	-0.3232116	0.31129706
0.37318608	0.36174062	-0.33934674	-0.44110298	0.37709475	-0.39340466	-0.3920248	0.4170484	-0.35432118	-0.43023348	0.43698803	0.36103535	0.39535323	-0.41408777	0.41252872	-0.45462212
0.11084577	0.1394549	-0.12290151	-0.12967998	0.16280903	-0.08964824	-0.066858925	0.07032075	-0.17081758	-0.14804201	0.107416816	0.16202456	0.15220717	-0.10837298	0.14120251	-0.16166896
-1.038553	-1.0202545	0.97408223	1.108317	-1.029668	1.2844464	0.6958325	-0.93848455	1.0996544	1.161176	-1.1589987	-1.0157852	-1.0493463	1.0963398	-1.0771391	1.3358933
0.7619196	0.67223775	-0.73174715	-0.71723884	0.7139099	-0.75348425	-0.6775154	0.6953281	-0.7972163	-0.69993037	0.76333046	0.75539136	0.7699688	-0.79201925	0.7584671	-0.6602001
0.23162548	0.18281777	-0.13575174	-0.20177104	0.24055582	-0.1331702	-0.2521129	0.1824876	-0.23551148	-0.14837202	0.18621288	0.2111279	0.18513124	-0.22810444	0.23033196	-0.16741182
-1.2883563	-1.2179204	1.2653621	1.3725749	-1.2969878	1.3794353	1.1439618	-1.1711856	1.2833191	1.3179536	-1.3815671	-1.2309434	-1.3013201	1.2824241	-1.2999786	1.4681535
0.25306636	0.24286643	-0.24165629	-0.23159662	0.28243867	-0.20419942	-0.23176254	0.24283925	-0.31900638	-0.24673744	0.3169576	0.31212834	0.24034199	-0.28777176	0.23795016	-0.19027638
0.7868169	0.74206436	-0.6955454	-0.78821605	0.75809115	-0.77837086	-0.57233834	0.7116616	-0.77688503	-0.81277966	0.8063736	0.71899915	0.77137375	-0.7450416	0.8349898	-0.760215
-0.1677091	-0.20110716	0.20949897	0.15972139	-0.18834175	0.20173973	0.12457879	-0.13531417	0.17040303	0.21012613	-0.12700278	-0.15909116	-0.1257649	0.16929625	-0.20756923	0.23356777
0.43965152	0.33030665	-0.3829757	-0.4250201	0.3944215	-0.3668625	-0.41036946	0.35786527	-0.38419023	-0.4093945	0.43609926	0.37367746	0.3979177	-0.3759566	0.37363258	-0.42979684
0.05869276	0.027257156	-0.016390122	-0.068077646	0.045803055	-0.08547825	-0.11270522	0.036164194	-0.009393835	-0.016704617	0.036210313	-0.003261558	0.088236004	-0.03553621	0.031954262	-0.041811578
-0.07947907	-0.103261955	0.08884976	0.12049061	-0.10445516	0.07620725	-0.007806831	-0.019520141	0.07008523	0.11230948	-0.08639884	-0.029412158	-0.030527772	0.0898579	-0.05253895	0.08404757
0.3919247	0.3287544	-0.40184006	-0.36188108	0.3898104	-0.37058663	-0.35183057	0.30535322	-0.44553003	-0.33579573	0.4340523	0.37401235	0.4215606	-0.35266876	0.3738103	-0.33118004
-0.19831319	-0.23470138	0.17206904	0.22983882	-0.20829216	0.19790849	-0.25942287	-0.1198351	0.1858712	0.21528508	-0.2101662	-0.071440436	-0.15513179	0.17978902	-0.2290893	0.12754689
0.7400853	0.68315226	-0.74951077	-0.750549	0.7299854	-0.75343657	-0.6555451	0.72008806	-0.79861313	-0.79451483	0.86741763	0.7155186	0.8069602	-0.74057204	0.8300129	-0.7845423
-0.06576516	-0.17442179	0.06891582	0.09270738	-0.12406026	0.17942616	-0.2132249	0.010830315	0.03674424	0.12366902	-0.040995546	-0.0013445949	-0.034909636	0.046316672	-0.007497004	0.19993
0.11398525	0.14600588	-0.1228945	-0.14676158	0.115432754	-0.14787418	-0.21459273	0.15500787	-0.11238447	-0.14105563	0.16131283	0.16698508	0.17449857	-0.12036467	0.12367532	-0.10946236
0.35348812	0.3640318	-0.4115101	-0.37573066	0.38826847	-0.39475155	-0.3821058	0.40337798	-0.37329394	-0.39181796	0.45806757	0.3537918	0.3903912	-0.42770135	0.4522579	-0.42668965
-0.27616885	-0.27816343	0.2087001	0.2885563	-0.20323314	0.2501905	0.02557737	-0.17591506	0.30006537	0.28470236	-0.28536153	-0.19962265	-0.22618115	0.25181523	-0.27015767	0.25700328
-0.23871274	-0.17239016	0.1788936	0.24296872	-0.14322756	0.2265889	0.118715495	-0.19292559	0.18615252	0.2330199	-0.18948132	-0.21374767	-0.14401318	0.18925816	-0.19170637	0.18501182
0.17894825	0.21491462	-0.22674121	-0.260262	0.22867721	-0.24707311	-0.051401235	0.22532457	-0.20691659	-0.27041396	0.20410255	0.15107922	0.2407222	-0.20160879	0.22103947	-0.2155393
0.3408116	0.31199652	-0.29747322	-0.32968727	0.3453822	-0.35052556	-0.43485677	0.3140005	-0.3162073	-0.29223412	0.33201683	0.27345487	0.34492218	-0.35131875	0.32059938	-0.39614534
-0.57163525	-0.5622549	0.55114985	0.65081006	-0.59126174	0.5556547	0.38451508	-0.546951	0.59426236	0.6272136	-0.6958398	-0.6030294	-0.6413011	0.5735501	-0.60013056	0.56960326
0.5640866	0.4302015	-0.4821303	-0.55874085	0.52258927	-0.40842792	-0.44067356	0.43257877	-0.5449845	-0.44680625	0.596531	0.54090893	0.55705166	-0.5246534	0.50220644	-0.43059054
-0.08287173	-0.050392266	0.13467331	0.10960054	-0.12139683	0.044106796	-0.041688785	-0.049950216	0.09399498	0.0810118	-0.14536802	-0.12872502	-0.039750226	0.1578975	-0.08222248	0.11786598
-0.1897581	-0.26662648	0.268162	0.28269014	-0.26111367	0.20934531	-0.1855107	-0.1811694	0.21786997	0.2909664	-0.2864939	-0.09610007	-0.1777759	0.1939853	-0.2200517	0.23794323
0.1461449	0.17863867	-0.1126497	-0.14903332	0.22385898	-0.14266695	-0.326842	0.17607166	-0.2158465	-0.15291604	0.16705085	0.18681864	0.2229132	-0.19492497	0.16334993	-0.17802103
-0.3746285	-0.35965133	0.30421278	0.34676468	-0.38903219	0.33942363	-0.05640813	-0.25015184	0.3729787	0.42017406	-0.42153937	-0.22997823	-0.2979875	0.36813554	-0.35573837	0.26368704
-0.7356373	-0.66901135	0.73025674	0.835917	-0.7890733	0.7856997	0.5559597	-0.66432446	0.7997349	0.7888807	-0.81233084	-0.7357198	-0.69988984	0.8059678	-0.7539606	0.78878075
0.23671944	0.21495831	-0.24033841	-0.17313188	0.24666522	-0.25013137	-0.33027953	0.28562835	-0.23409262	-0.2535216	0.26042312	0.29149944	0.2732013	-0.23583712	0.19381332	-0.2728808
-0.41397542	-0.36892915	0.38543403	0.4733677	-0.43619198	0.40924647	0.012179734	-0.31076673	0.417478	0.46202338	-0.44866902	-0.29534626	-0.32443544	0.3941254	-0.42316392	0.39540178
-0.22142191	-0.23266652	0.16602157	0.19493765	-0.19036464	0.25533777	0.019970221	-0.11013169	0.19133142	0.18930373	-0.22484991	-0.18072636	-0.20793256	0.18812361	-0.21721227	0.20723246
0.116898075	0.048164953	-0.0999338	-0.15840386	0.12457983	-0.09930281	-0.27357125	0.12401063	-0.09062343	-0.12120026	0.14943445	0.13311549	0.19124351	-0.13331437	0.09959962	-0.11095701
0.31029946	0.21501835	-0.19603091	-0.26617497	0.23098642	-0.30814227	-0.286734	0.24530242	-0.23445238	-0.24873342	0.26621413	0.2738933	0.23134965	-0.29024383	0.29289097	-0.20324855
-0.3568754	-0.28576648	0.30669364	0.35597995	-0.31833917	0.37979305	0.23573095	-0.27291608	0.36765042	0.30560282	-0.38321358	-0.29003045	-0.27777207	0.30368456	-0.37787804	0.33938986
0.05900357	0.07040842	-0.03146529	-0.1290328	0.10706865	-0.0364338	-0.05138627	0.057243887	-0.1089961	-0.09431682	0.12611777	0.11111851	0.04103649	-0.0371423	0.11226112	-0.029653976
0.28939503	0.2928888	-0.30669	-0.30978355	0.31899953	-0.2949187	-0.3072984	0.28068683	-0.25303212	-0.3194083	0.25913647	0.28531706	0.33665654	-0.2798793	0.28786224	-0.3726014
-0.14031124	-0.10805169	0.109511845	0.19233215	-0.11560071	0.10779888	-0.15967235	-0.06490635	0.17188479	0.12704392	-0.14145184	-0.095262006	-0.10879702	0.12787451	-0.1644601	0.13295388
0.2079699	0.15183578	-0.17232668	-0.11479238	0.14542678	-0.15184352	-0.288079	0.1640066	-0.18480974	-0.1415482	0.16829844	0.2328752	0.20833296	-0.17456432	0.1684495	-0.14218257
-0.009254366	0.04697276	0.004432765	0.0121290535	0.07183696	0.028423037	-0.060006943	-0.0050637503	-0.071990415	-0.0110096	0.07214978	0.07010653	0.026347276	-0.05191977	0.019346349	0.03258103
-0.27027285	-0.4227504	0.3138373	0.41176793	-0.3514227	0.41051725	0.0071964515	-0.22821574	0.35915682	0.39786127	-0.35530424	-0.19016491	-0.24525811	0.30322573	-0.32670563	0.4692648
-0.4240692	-0.35148132	0.38295725	0.46644592	-0.36980063	0.42431	0.22289829	-0.34519178	0.42043173	0.3828021	-0.43972552	-0.3419411	-0.37408277	0.36210996	-0.43850437	0.41886282
0.4683127	0.39197385	-0.4279844	-0.4397329	0.4424021	-0.4704663	-0.46747154	0.42990413	-0.46356156	-0.40799665	0.5083027	0.41001043	0.49016073	-0.49059215	0.5098559	-0.4237022
-1.1973692	-1.0499413	1.1484042	1.2798198	-1.1276041	1.3413643	1.0050431	-1.0748736	1.2132083	1.2260424	-1.2457317	-1.0687528	-1.1369673	1.1182785	-1.2210641	1.305254
-0.17382307	-0.18155539	0.17268051	0.14043379	-0.19085914	0.10200807	-0.2386691	-0.015683664	0.124366656	0.14402652	-0.20493741	-0.033640876	-0.05800124	0.18361482	-0.12352128	0.10562894
-0.6153766	-0.5787881	0.56754076	0.6833406	-0.5783023	0.59543586	0.16510542	-0.47029647	0.65195906	0.64640003	-0.5981091	-0.52029717	-0.5894516	0.5928118	-0.6239667	0.6061668
1.1184957	0.96886927	-1.0040385	-1.1488312	1.1220661	-1.2090639	-0.9789666	1.0418375	-1.0933815	-1.107761	1.2276363	1.1122913	1.1440052	-1.0682023	1.1251552	-1.2446539
-0.13449591	-0.13446483	0.05996927	0.13952702	-0.15348224	0.09443338	0.0042650304	-0.11477751	0.10474122	0.14987968	-0.08584163	-0.13024701	-0.05184506	0.112316795	-0.11958815	0.1259127
-0.27443472	-0.20797737	0.23129974	0.25209382	-0.2517305	0.19190328	0.15328446	-0.22843805	0.2632	0.19641326	-0.23271734	-0.20627184	-0.16691668	0.23593004	-0.23474142	0.15996675
-0.787623	-0.7310237	0.73701584	0.85870844	-0.78333414	0.90239173	0.461756	-0.7169857	0.8535554	0.90087163	-0.899826	-0.66979444	-0.743039	0.8455245	-0.88125736	0.8963645
0.3215646	0.18248226	-0.23277819	-0.2803575	0.27343538	-0.27567548	-0.45198196	0.3186189	-0.30408955	-0.2656301	0.38561916	0.42972684	0.32071602	-0.3292396	0.32251292	-0.25126594
0.15862249	0.07838235	-0.12193164	-0.17139287	0.11170858	-0.15597902	-0.29290247	0.18120244	-0.10922201	-0.13981195	0.15745176	0.12533878	0.14294688	-0.16284089	0.098437764	-0.18774492
-0.4530297	-0.4294587	0.46643054	0.51907265	-0.43066818	0.3966706	0.22522134	-0.40663368	0.47339737	0.49230716	-0.50927657	-0.44754	-0.5027379	0.4796486	-0.5197653	0.42557558
0.18023588	0.09229307	-0.10091981	-0.11493254	0.13254054	-0.03101029	-0.05428322	0.119206585	-0.09512215	-0.09150442	0.18435572	0.09508456	0.119829535	-0.11126476	0.1473494	-0.044151474
0.3352227	0.267782	-0.34060735	-0.3282425	0.26091576	-0.39555618	-0.5655211	0.39876285	-0.25574842	-0.2930211	0.27696994	0.35950714	0.33851042	-0.2817023	0.339994	-0.3965197
-0.6263919	-0.57278943	0.5334802	0.5854335	-0.5907732	0.6401193	0.32322094	-0.44388026	0.590843	0.6087937	-0.6872701	-0.5545398	-0.56149775	0.59437287	-0.5600391	0.6720726
-0.4755263	-0.47838917	0.48965716	0.51261705	-0.45481685	0.4586182	0.12286139	-0.37393087	0.4615495	0.4631115	-0.47520933	-0.370866	-0.42755076	0.49077645	-0.45456058	0.48518768
0.16591898	0.15444572	-0.101839796	-0.09559368	0.09801214	-0.16551073	-0.11629978	0.1364484	-0.101322055	-0.1146886	0.096460626	0.12900925	0.11623058	-0.14114286	0.15721036	-0.15224949
0.5459132	0.44982082	-0.46332443	-0.5116104	0.51058227	-0.5677366	-0.542369	0.46223202	-0.48265132	-0.5029456	0.47805387	0.49337548	0.44724756	-0.47891772	0.4978975	-0.50587374
0.02024839	-0.09125004	0.086676694	0.027608884	-0.007689648	0.022456288	-0.19621114	0.051832277	0.021404661	0.024610665	0.025488738	0.06920477	0.07615887	0.048373096	-0.04165888	0.014645625
-0.41962993	-0.39541605	0.39833453	0.4256509	-0.41304386	0.39895183	0.078848965	-0.31025755	0.37105697	0.4433728	-0.4039025	-0.33569047	-0.2952809	0.39641193	-0.37437886	0.4294257
-0.21679583	-0.21171765	0.17933309	0.19634756	-0.20619084	0.24006811	0.0320528	-0.120287396	0.24376273	0.21226984	-0.19808646	-0.11014739	-0.14668271	0.19240682	-0.21447949	0.21831489
-0.3989314	-0.4234047	0.38548067	0.4563968	-0.46064407	0.36152956	0.15388	-0.38026297	0.39749175	0.4097841	-0.4883805	-0.32132342	-0.3799476	0.46241605	-0.3770643	0.39929208
-0.43922284	-0.47019723	0.42795894	0.5203162	-0.48133278	0.4635556	0.20165412	-0.39046192	0.50657624	0.5072009	-0.5219396	-0.3713283	-0.42318222	0.4074792	-0.52579707	0.40803617
0.37954056	0.3469512	-0.32304022	-0.34559157	0.3936765	-0.30465573	-0.34135193	0.35332808	-0.39566085	-0.39991787	0.3803106	0.4195488	0.36996922	-0.35863528	0.4175854	-0.25446308
0.2022736	0.13989368	-0.2111175	-0.2486856	0.18475309	-0.18355082	-0.23766378	0.1995106	-0.19317032	-0.21476482	0.22758512	0.20495978	0.257811	-0.19613855	0.2659485	-0.2338962
0.46309787	0.3683648	-0.43352517	-0.48029745	0.43485978	-0.4210013	-0.53414184	0.46008214	-0.49252397	-0.42248645	0.44579366	0.5102114	0.5037514	-0.42340493	0.41750365	-0.41328433
0.39794976	0.28711486	-0.29366177	-0.32281578	0.30890366	-0.2978799	-0.3024388	0.29937008	-0.3116131	-0.2899322	0.37269825	0.38918903	0.35996708	-0.35524017	0.33208823	-0.37256205
-0.007548252	-0.010581951	0.037251208	-0.038450826	0.014490554	0.023148	-0.19239326	0.0015599106	0.022771845	0.027312446	0.05191424	0.024078561	0.060776778	-0.046155497	-0.020428794	0.049206212
0.16804186	0.09229474	-0.095129356	-0.16553494	0.09625822	-0.17635626	-0.24257626	0.19987187	-0.19478029	-0.14910623	0.18349123	0.17996575	0.14292613	-0.15605414	0.17070584	-0.17391832
-0.0763142	-0.12337723	0.07331427	0.0829281	-0.09892458	0.07910056	-0.14379235	0.014851899	0.068661936	0.1265136	-0.09344536	-0.018264346	-0.032738764	0.037929785	-0.10252968	0.027791137
0.12529072	0.10478127	-0.12521563	-0.16595629	0.08387219	-0.14991441	-0.12998109	0.091494136	-0.15792954	-0.1255506	0.18995628	0.096376285	0.14068963	-0.13023739	0.1489961	-0.15702745
1.0281026	0.8955403	-0.9964544	-1.1425416	1.0030723	-1.1810693	-0.8116866	0.99744415	-1.1324694	-1.0798111	1.1576821	0.98267335	1.0546237	-1.0705748	1.061904	-1.1075269
0.21531974	0.18221642	-0.23407897	-0.20744888	0.23658322	-0.20374006	-0.18776354	0.19136946	-0.1935984	-0.20049846	0.2721065	0.22262123	0.2520103	-0.19200517	0.1935107	-0.22857714
-0.13003546	-0.20010288	0.13100706	0.16871715	-0.083912075	0.09989783	-0.19319318	-0.021121496	0.18028969	0.13337973	-0.13484885	-0.09561178	-0.077539325	0.17497006	-0.10449152	0.10438898
-0.8773879	-0.8944809	0.84024924	0.9380424	-0.92424184	1.0321465	0.6566107	-0.8369158	0.9223395	0.93326163	-0.9636148	-0.83158463	-0.9145999	0.93431145	-1.003891	1.0338634
0.16124386	0.13156015	-0.0848569	-0.15820906	0.15293016	-0.14852299	-0.11767999	0.1257866	-0.1035668	-0.1763393	0.112975866	0.1292106	0.15448435	-0.094827585	0.16774313	-0.18054429
-0.35144737	-0.30610943	0.3086926	0.29465157	-0.34484178	0.3433845	0.15239584	-0.27009663	0.28673786	0.31468627	-0.39088723	-0.29720953	-0.34725302	0.36648086	-0.3671299	0.34448633
0.14014414	0.10212828	-0.16834022	-0.16842885	0.12460592	-0.14744747	-0.105561174	0.20032734	-0.21034148	-0.125729	0.18049139	0.14099523	0.16895823	-0.14446186	0.21532881	-0.15916044
-0.7659611	-0.73509043	0.75171024	0.8089415	-0.7581987	0.7915843	0.4681912	-0.6566868	0.8126778	0.7629261	-0.8502264	-0.70032835	-0.76044273	0.8136113	-0.84560037	0.8121355
0.112582974	0.09711232	-0.16300394	-0.13622077	0.13609287	-0.1967962	-0.29902503	0.21084477	-0.1071534	-0.1447897	0.10799499	0.18474498	0.21421713	-0.1635467	0.15452525	-0.1499848
-0.42150348	-0.3953143	0.3257667	0.42876774	-0.3816818	0.38223752	0.108463705	-0.29538748	0.40103787	0.44265246	-0.46402663	-0.34420016	-0.34216607	0.41768324	-0.37572476	0.426538
0.38447574	0.30578223	-0.37869614	-0.41044095	0.35019076	-0.3213911	-0.19303276	0.2606545	-0.42044145	-0.3828318	0.3740118	0.30636343	0.3507717	-0.40360576	0.40208	-0.28527555
0.037305344	-0.057740312	-0.011398888	0.032799155	0.005553015	-0.011017087	-0.051931787	-0.029735718	-0.031878937	0.0021730298	0.031922508	-0.015898708	-0.035662614	0.037111305	0.011105072	0.01933825
0.61696684	0.5122052	-0.5835633	-0.68266183	0.64044446	-0.65324223	-0.60998124	0.58479214	-0.69191474	-0.58870536	0.6655597	0.6848438	0.6792998	-0.66779083	0.71517545	-0.6449776
-0.041050315	0.0039390544	0.019563997	0.051893882	-0.051361397	0.056493625	-0.17609923	0.0004188668	0.035386354	0.03783103	0.00023586792	0.021316443	0.041776992	-0.009512562	-0.05033693	0.026129073
0.41901183	0.34708753	-0.37939733	-0.39546457	0.38286513	-0.39711013	-0.31485748	0.38146076	-0.40578228	-0.40660617	0.4844583	0.39549768	0.40872627	-0.39681995	0.362189	-0.40930933
0.4413856	0.40204862	-0.38828352	-0.45854875	0.4584223	-0.427588	-0.42907643	0.4003841	-0.5145559	-0.4089953	0.49643067	0.4217047	0.46765417	-0.4942451	0.51185143	-0.43000537
0.22004533	0.29239178	-0.3204004	-0.23610997	0.31309003	-0.30474678	0.3564274	0.1988549	-0.30543777	-0.32148498	0.29880986	0.088904165	0.1656662	-0.24077684	0.28923094	-0.3102921
0.5568241	0.42250264	-0.47932246	-0.60037	0.5227422	-0.55842644	-0.47669634	0.49686638	-0.58781534	-0.49463552	0.6373358	0.54387313	0.50567746	-0.56054485	0.56389505	-0.48616415
-0.6188383	-0.5824316	0.5397061	0.599562	-0.5973019	0.6194386	0.36168563	-0.5460239	0.63591295	0.6538231	-0.62071604	-0.529546	-0.5648365	0.59928626	-0.5635036	0.6448887
-0.46424907	-0.43497962	0.5023141	0.5426353	-0.50832975	0.48068124	0.06905191	-0.40312672	0.48961705	0.48041174	-0.48773035	-0.38173974	-0.48823738	0.5176841	-0.4986904	0.54095143
-0.28540304	-0.29225233	0.34045282	0.2880867	-0.263411	0.35859528	0.19491312	-0.31897056	0.32382014	0.30901158	-0.36754724	-0.30212563	-0.2659241	0.30277848	-0.2945138	0.34561962
-0.19584197	-0.16287294	0.21882127	0.2375203	-0.20762734	0.09757339	-0.15221456	-0.119292654	0.2584485	0.20902345	-0.22397049	-0.20319301	-0.15387419	0.1553282	-0.18724255	0.25222218
-0.007963907	-0.01679377	-0.017650254	0.0054012155	0.02291924	0.07625804	-0.07171824	-0.008785877	0.01989957	-0.015827548	0.036473464	0.0037556365	0.06347292	-0.033813618	0.0387601	-0.030675558
-0.36389488	-0.22242367	0.36278793	0.33986264	-0.3199755	0.26075968	0.6100563	-0.49430794	0.41513735	0.3425857	-0.40134427	-0.55847985	-0.48776427	0.41461048	-0.34832352	0.35549486
-0.18976858	-0.14184792	0.14498356	0.17537974	-0.1722899	0.2022434	0.0061413287	-0.085141726	0.22591649	0.16317762	-0.16301627	-0.19259407	-0.15906747	0.21559319	-0.1976468	0.14931442
-0.08775837	-0.079066075	0.06279325	0.03560232	-0.11245926	0.053393073	0.11373751	-0.09416794	0.062837206	0.05678576	-0.0979136	-0.12501739	-0.030990152	0.019849116	-0.11536315	0.09924512
0.265793	0.21739024	-0.2310583	-0.28498518	0.21226414	-0.1775854	-0.32919848	0.25051725	-0.32017517	-0.22291636	0.2790087	0.33620802	0.33547696	-0.24575955	0.29139236	-0.23226789
-0.024182431	-0.10074997	-0.0116532715	0.06398453	-0.005382589	0.069433294	-0.25302735	0.00901373	-0.0042684786	0.03829288	0.0017446185	0.095518045	0.0853246	0.046223946	-0.004439831	0.09062871
1.0474797	0.94708544	-1.0352145	-1.0885526	1.077538	-1.1596144	-0.8631709	1.0350128	-1.1483057	-1.1310115	1.1975541	1.0095187	1.0361239	-1.0430509	1.1515952	-1.1461929
0.6136137	0.5596613	-0.57780284	-0.55889064	0.5683286	-0.6497672	-0.53367263	0.50524086	-0.5532045	-0.5585533	0.639398	0.5807841	0.61195725	-0.5111418	0.6139417	-0.58689004
-0.23582603	-0.23527633	0.26071107	0.18759547	-0.20443557	0.25179443	0.17600943	-0.1369126	0.22686532	0.23342526	-0.22449961	-0.22631532	-0.1829748	0.20605552	-0.2601268	0.22776486
-0.47076607	-0.4516294	0.5213923	0.53527117	-0.51521474	0.5126055	0.3740463	-0.49134508	0.48868436	0.53180426	-0.5163239	-0.396054	-0.45118114	0.49518734	-0.46890894	0.5524319
0.1493455	0.092114635	-0.14322056	-0.13917693	0.11416029	-0.12072183	-0.25470954	0.12875313	-0.16465487	-0.11055868	0.16967517	0.15375079	0.17970148	-0.12509236	0.13884853	-0.07368945
-0.086214565	-0.089353785	0.05936791	0.0095600495	-0.09549942	0.04561923	0.010825132	-0.02209593	0.08578546	0.063820355	-0.084217966	-0.040908996	-0.035386827	0.07761278	-0.08539101	0.02261603
-0.39890063	-0.4199091	0.40906617	0.41943648	-0.35628816	0.456441	0.101524375	-0.28733447	0.36688444	0.47032955	-0.38174468	-0.34300432	-0.34868133	0.33467966	-0.36252877	0.4144935
-0.3098372	-0.3372857	0.354915	0.32979494	-0.3812797	0.40898547	0.13246217	-0.35143673	0.3060337	0.37191856	-0.35059896	-0.27138394	-0.30476752	0.31110528	-0.40842548	0.37014988
0.5022073	0.46325767	-0.4634313	-0.501718	0.51280683	-0.49051243	-0.52174574	0.54512876	-0.53587204	-0.45813602	0.5678632	0.5684756	0.5228211	-0.5037193	0.51328933	-0.5442664
0.17209156	0.15593205	-0.20118958	-0.16073374	0.16467282	-0.2091852	-0.30976862	0.26594982	-0.21690826	-0.21518335	0.1887798	0.25206286	0.2367344	-0.16646087	0.20921436	-0.20460367
-0.14570531	-0.111469656	0.13137399	0.20527263	-0.18901563	0.11693106	0.048677735	-0.10241253	0.13157472	0.15757471	-0.13614401	-0.12130848	-0.15199246	0.12096587	-0.122641556	0.13932857
-0.07430473	-0.0487583	0.010959356	0.0058411094	-0.05178931	0.024480037	-0.060072325	0.007303563	0.07345624	0.020536065	-0.009878658	-0.068358585	-0.051487632	0.05416452	-0.054545023	-0.008182321
-0.4094243	-0.43778116	0.41433147	0.3978241	-0.37770414	0.42867368	0.17022006	-0.33453727	0.4307567	0.44118938	-0.4379678	-0.3567946	-0.3826206	0.37553468	-0.43987036	0.45028254
-0.1727848	-0.18343589	0.17933613	0.21312177	-0.18153583	0.14376539	0.112187825	-0.20014367	0.16686343	0.19900568	-0.23624608	-0.17167753	-0.18418638	0.16238318	-0.2183318	0.20007361
-0.31949866	-0.29637107	0.23833235	0.28688142	-0.31358498	0.37217256	0.16694364	-0.268781	0.26849452	0.3184163	-0.29475257	-0.22362903	-0.23720437	0.24361455	-0.29141182	0.3065726
-0.25463775	-0.29810038	0.27958712	0.22691977	-0.21184583	0.20183994	-0.21809983	-0.11511405	0.28066155	0.282558	-0.2515104	-0.16527101	-0.18128866	0.3118315	-0.2901273	0.20494488
0.100032344	0.015590472	-0.08455437	-0.13014802	0.11673926	-0.02362066	-0.21212296	0.113632925	-0.06856341	-0.01234165	0.13024828	0.17449279	0.1738639	-0.094491355	0.07489395	-0.08762162
-0.28009027	-0.3170845	0.24824917	0.31050557	-0.31430146	0.2894093	0.2936152	-0.2198057	0.26881126	0.28602615	-0.25365692	-0.24185212	-0.23988871	0.31748518	-0.2990042	0.2635526
-0.34114292	-0.3142446	0.40396497	0.42153898	-0.3650821	0.41830426	0.26048782	-0.31843933	0.40516105	0.3825843	-0.4479115	-0.31120092	-0.4033732	0.3999254	-0.4239161	0.422962
0.38866222	0.41411728	-0.35901576	-0.39839604	0.41039678	-0.46117756	-0.53396714	0.37407842	-0.44018048	-0.42288905	0.4210065	0.40398327	0.44169188	-0.39523488	0.40674245	-0.48530567
-0.6300986	-0.5454956	0.541692	0.67044157	-0.6200369	0.5659919	0.431541	-0.51556855	0.6282773	0.62395054	-0.6871069	-0.55594605	-0.5944318	0.65395856	-0.6734987	0.60550004
0.07363746	0.04447936	-0.064581886	-0.025448292	-0.011801637	0.038186334	-0.08785705	0.067838185	-0.095617145	-0.067027524	0.09953244	0.12726456	0.095464714	-0.05639734	0.029317807	0.034173295
-0.39056244	-0.30219302	0.32071057	0.3481373	-0.3392024	0.34891447	0.16932218	-0.2503151	0.32731625	0.30725837	-0.3905925	-0.2895876	-0.3231128	0.31719035	-0.35679036	0.38869727
-0.97017324	-0.9946985	1.0244813	1.0771381	-0.98068297	1.1004303	0.8394164	-0.94424695	0.9835358	1.0035353	-1.1157402	-0.96977735	-0.9420414	0.98929393	-1.0323195	1.0680529
0.18711376	0.15446576	-0.18251477	-0.24078445	0.17168787	-0.18768832	-0.24173647	0.15255807	-0.16211429	-0.20173724	0.15781958	0.21893066	0.18630509	-0.20722228	0.19280738	-0.23734121
0.4479821	0.32982835	-0.40768152	-0.4120779	0.42887723	-0.42647183	-0.29316327	0.39321703	-0.46948427	-0.4469785	0.51096	0.42582446	0.43181708	-0.4722761	0.4488284	-0.44187492
-0.19583821	-0.23504214	0.2111842	0.21234937	-0.22105852	0.25696006	0.112030536	-0.1949868	0.21604045	0.29018027	-0.2360424	-0.2363465	-0.23670614	0.2677667	-0.22833295	0.24148376
0.18749717	0.076185495	-0.18537067	-0.11394238	0.15495884	-0.07666056	-0.12472278	0.19629042	-0.15358356	-0.16815713	0.18266688	0.14711788	0.110584185	-0.18095216	0.16349702	-0.14563048
-0.5890048	-0.5977417	0.63751316	0.67752993	-0.59320146	0.6554666	0.37258244	-0.5701613	0.6841687	0.60431296	-0.72351325	-0.54558307	-0.5637101	0.6346638	-0.61411196	0.6595506
-0.22715098	-0.22000821	0.2269776	0.3121637	-0.27961686	0.23065631	0.014540817	-0.2537433	0.26636577	0.29349545	-0.27101284	-0.17993906	-0.2194125	0.26523194	-0.27663428	0.32206315
-0.30248377	-0.3278965	0.26297462	0.29329515	-0.29655653	0.30044484	0.0961907	-0.22221103	0.28362003	0.32925537	-0.3699131	-0.32764226	-0.34862342	0.36705184	-0.31645486	0.37440968
-0.5653545	-0.44376728	0.518721	0.529499	-0.508821	0.469766	0.24351078	-0.45931578	0.5737324	0.5085652	-0.5725566	-0.49874428	-0.410368	0.53577614	-0.51093477	0.47980896
-0.1973711	-0.16338357	0.17646264	0.23953253	-0.22030288	0.24962133	-0.06669101	-0.08853282	0.19510071	0.1951295	-0.20726128	-0.12876083	-0.1917643	0.22002287	-0.16382723	0.18365067
0.10539396	0.031235235	-0.071664326	-0.098289706	0.076994665	-0.0006073908	0.08061815	0.050805666	-0.111272484	-0.117988616	0.117260255	0.050653882	0.13138056	-0.1540328	0.08293561	-0.053733323
-0.5065469	-0.54684275	0.5372384	0.57964987	-0.5060638	0.5278488	0.36741877	-0.48208067	0.52445054	0.55510676	-0.5616048	-0.47933325	-0.47247082	0.4929205	-0.5575711	0.55754095
1.0029032	0.8660994	-0.9920504	-0.98926795	0.967772	-1.0129155	-0.8520991	0.9662623	-0.98546994	-1.0107924	1.0343742	0.9567623	0.97287023	-1.009831	1.0485506	-0.98126966
0.1424417	0.042605523	-0.054197744	-0.12771292	0.10005629	-0.11832285	-0.3154774	0.11743173	-0.13256936	-0.04410849	0.06444741	0.10479045	0.12253004	-0.10610264	0.13479754	-0.09495959
0.29998305	0.196259	-0.29251835	-0.25628787	0.24312203	-0.2929785	-0.3316416	0.27556786	-0.27206212	-0.23085344	0.29234514	0.3436608	0.30467215	-0.2516471	0.24889928	-0.273089
-0.52747107	-0.4676027	0.46688768	0.5159099	-0.47166392	0.5237673	0.11505714	-0.38765386	0.4458342	0.4762344	-0.54066426	-0.4257021	-0.44806144	0.5289324	-0.46015245	0.4715747
-0.36146775	-0.31910995	0.34659955	0.4742166	-0.38190192	0.32072848	0.02560885	-0.28800872	0.3846549	0.4478608	-0.46970874	-0.31749478	-0.3234554	0.44139406	-0.45780346	0.36479646
-0.65915686	-0.6151121	0.61354715	0.67356914	-0.66637075	0.7002613	0.56434023	-0.594464	0.7384046	0.65662724	-0.6997344	-0.6574329	-0.7175868	0.7093218	-0.7544021	0.72527534
-0.3393403	-0.34542233	0.37412247	0.34515518	-0.39164057	0.45317608	0.2240279	-0.3694705	0.3777819	0.37130415	-0.35157928	-0.32024628	-0.3341045	0.3687946	-0.3373953	0.37091425
0.33462697	0.24577604	-0.30563173	-0.26694015	0.2866415	-0.3247924	-0.46735555	0.2905382	-0.30314258	-0.33109665	0.28033316	0.34998208	0.33112353	-0.33546194	0.3078997	-0.28905812
-0.33261645	-0.30384272	0.30645528	0.28099376	-0.24329469	0.23789762	-0.03798114	-0.22650748	0.2733072	0.27652833	-0.35923883	-0.23857829	-0.26313832	0.27058747	-0.3107745	0.21435246
0.062299095	0.016628623	-0.020464826	-0.016186673	0.034596145	-0.05630299	-0.15465097	0.08743489	-0.05185708	-0.019584574	0.0039925664	0.09102835	0.11213418	-0.029981479	0.025038334	0.0048814053
0.3171439	0.2472683	-0.31503308	-0.30820662	0.2454812	-0.31157935	-0.35791403	0.3046163	-0.275757	-0.29613176	0.25484076	0.32996187	0.3129493	-0.26712117	0.30073914	-0.23729281
0.2722519	0.3072071	-0.31077826	-0.30361614	0.24168548	-0.25871396	-0.20297797	0.26158798	-0.33590776	-0.27249798	0.32430586	0.27690464	0.26430413	-0.2950293	0.33609208	-0.30523884
0.5308597	0.4963768	-0.4732748	-0.60293263	0.58088064	-0.4969174	-0.5610318	0.50809187	-0.55368394	-0.52490103	0.60708356	0.6142584	0.59999806	-0.5160844	0.598955	-0.5704308
0.029735986	0.13697632	-0.10330574	-0.045216963	0.051617257	-0.117172025	0.041296862	0.046667807	-0.0729546	-0.03685548	0.08459411	-0.0016969853	0.10788302	-0.08154742	0.052120008	-0.09151039
0.17525998	0.1962516	-0.19980423	-0.21472013	0.21680608	-0.17318599	-0.2513128	0.21348408	-0.16015922	-0.15189403	0.20266953	0.22190668	0.2136314	-0.20348936	0.17208081	-0.12585296
-0.3726686	-0.3919943	0.34805408	0.41378468	-0.3370899	0.4573023	0.2294694	-0.29712424	0.42030856	0.47116223	-0.37240395	-0.24203327	-0.35641387	0.346903	-0.41883504	0.44038308
0.115828626	0.12257461	-0.0932339	-0.15812874	0.12991457	-0.15171324	-0.14350048	0.13571483	-0.09909429	-0.08616131	0.10764394	0.10602458	0.1566173	-0.13773209	0.16290434	-0.10081016
0.08449347	0.05342013	-0.13305998	-0.12024564	0.113683015	-0.16519696	-0.17649816	0.13544293	-0.15438513	-0.118694894	0.09453035	0.12177087	0.13269512	-0.088533364	0.06826654	-0.13895278
0.51735306	0.4631032	-0.50641733	-0.51706386	0.53869534	-0.5398256	-0.42310476	0.4828753	-0.5061986	-0.58275545	0.5610029	0.4614796	0.50016475	-0.53784496	0.50064814	-0.5138174
0.30403137	0.2253574	-0.3264103	-0.31199482	0.32646754	-0.23973373	-0.15990396	0.28353593	-0.28002664	-0.25502017	0.38379025	0.24005525	0.25423226	-0.30021027	0.357602	-0.22702491
0.34670362	0.27086896	-0.3640272	-0.31368765	0.30517042	-0.3523503	-0.56381214	0.36322188	-0.34590822	-0.26747656	0.3344651	0.43309465	0.39899683	-0.33455363	0.33312154	-0.34354794
-0.6558606	-0.6469177	0.667331	0.71713495	-0.7114202	0.7508365	0.47383553	-0.58232117	0.69385433	0.7313012	-0.73032224	-0.63573426	-0.6716543	0.6828813	-0.7437237	0.7185852
-0.5446841	-0.4839837	0.48582515	0.52435184	-0.514636	0.5479234	0.3527187	-0.50942135	0.5179325	0.5337609	-0.5245832	-0.47162554	-0.52798474	0.5121537	-0.51173264	0.5857401
0.038384818	-0.0041128425	-0.018576369	-0.016857544	0.009097044	-0.019738425	-0.08439945	0.03198263	-0.04161784	-0.0031121674	0.06955428	0.04747367	0.02655707	-0.05783201	0.08185976	-0.066055946
0.1615901	0.061828632	-0.075990126	-0.097454436	0.16819589	-0.1080631	-0.34996006	0.17719641	-0.11728613	-0.08109067	0.17111324	0.17615588	0.13304935	-0.1734504	0.14865233	-0.12488742
-0.8441889	-0.7573141	0.81823313	0.84412545	-0.83292484	0.8581368	0.36436522	-0.6598358	0.8233537	0.871569	-0.8738149	-0.69997203	-0.74039245	0.8393417	-0.8627523	0.9000047
0.033252776	0.094675876	-0.05855718	-0.08966398	0.098976605	-0.07505354	-0.304953	0.14152358	-0.04021573	-0.014975368	0.11129388	0.1308873	0.09071901	-0.04365188	0.035829943	-0.043527465
0.28360498	0.20312472	-0.23789054	-0.2749521	0.29979837	-0.2452667	-0.31837314	0.32125697	-0.31486636	-0.2920545	0.35351884	0.33969635	0.34964085	-0.26235515	0.2731898	-0.24296841
-0.7095773	-0.64890367	0.64933777	0.7332916	-0.63027644	0.7244582	0.58696496	-0.64854234	0.675715	0.7536129	-0.7760033	-0.61988086	-0.6889901	0.6484934	-0.7535703	0.78953016
0.40269172	0.28168827	-0.30548397	-0.3893967	0.34973335	-0.27297023	-0.39685	0.33914948	-0.40175715	-0.32683042	0.37961012	0.42977428	0.43426454	-0.34508628	0.4228916	-0.26019377
0.5902516	0.61969644	-0.6050292	-0.6286798	0.63292044	-0.6571853	-0.6374397	0.58721024	-0.64440256	-0.59081453	0.6300106	0.5662423	0.5486334	-0.59202075	0.6086495	-0.5950524
-0.21750303	-0.22379394	0.28379026	0.22931741	-0.25508368	0.2350167	0.010618412	-0.17444608	0.20264539	0.24036077	-0.23244682	-0.14081152	-0.22960724	0.29048055	-0.28632525	0.22363313
-0.9142706	-0.82939196	0.93662876	0.95631087	-0.8695813	1.0753926	0.6758705	-0.8174191	0.9599014	0.9993323	-0.9608965	-0.8264574	-0.8915405	0.91316146	-0.93424624	1.0652136
-0.5161985	-0.5213836	0.5063082	0.5362152	-0.5014264	0.5486753	0.24884185	-0.40594992	0.5392395	0.56426406	-0.5169332	-0.4183701	-0.4565792	0.5279445	-0.5707929	0.6258001
-0.52264446	-0.43202752	0.47891957	0.5745161	-0.44265056	0.5353862	0.36341387	-0.4316445	0.55027175	0.48557675	-0.5623573	-0.4916227	-0.44450587	0.5337671	-0.5597465	0.5265555
-0.78304076	-0.71532446	0.7956528	0.90035945	-0.8485853	0.9150821	0.5850195	-0.76141614	0.87676585	0.8164684	-0.91608196	-0.75438327	-0.72445554	0.7756894	-0.81111956	0.9490237
-0.2826874	-0.28223047	0.30269337	0.3242581	-0.32681346	0.32621172	0.13380216	-0.22409427	0.3584994	0.37400344	-0.29575858	-0.22257549	-0.22803485	0.32385024	-0.2884015	0.31186548
-0.36015412	-0.31144372	0.3512219	0.40398064	-0.38915408	0.35446936	0.099862844	-0.32993874	0.3353133	0.40087795	-0.35972753	-0.35569578	-0.3045446	0.36980718	-0.35630456	0.3508619
-0.73855287	-0.6526366	0.7181357	0.7830337	-0.6821456	0.8194048	0.088113666	-0.6096804	0.7045013	0.77332765	-0.7562964	-0.5544302	-0.6401884	0.66898155	-0.7441474	0.7618106
0.031727172	0.116232075	-0.024215482	-0.0563512	0.1160362	-0.13983896	-0.13132493	0.09071544	-0.08129469	-0.09294216	0.05763126	0.04607619	0.14620224	-0.07951162	0.052759036	-0.12545647
-0.5248226	-0.45352125	0.50999993	0.57964516	-0.46890712	0.52592593	0.28437254	-0.47353268	0.51319414	0.52212393	-0.527095	-0.38496736	-0.5079311	0.45114988	-0.5523964	0.51369643
-0.29593718	-0.25293082	0.20850323	0.2300213	-0.20121932	0.16883281	-0.09980865	-0.15939415	0.27263668	0.22161688	-0.28846854	-0.16571155	-0.1616155	0.29194227	-0.24456984	0.23558736
-0.9357457	-0.869138	0.93150014	1.0501258	-0.88864505	1.0659761	0.6089448	-0.91188353	0.9847833	1.0248498	-1.0887905	-0.84727466	-0.9415789	0.9389511	-1.0317535	1.007056
0.4296621	0.37895682	-0.42242298	-0.3609125	0.37430364	-0.33525753	-0.25373083	0.338773	-0.35995167	-0.4250405	0.43134588	0.41243294	0.34669667	-0.3600515	0.37267268	-0.40579927
0.00022440113	-0.17793751	0.097436465	0.10901907	-0.039565466	0.18587911	-0.10379777	0.026576826	-0.0032299208	0.13690186	-0.05908881	0.07983563	0.012892092	0.0009918303	-0.028490014	0.11319487
-0.15729508	-0.15577267	0.12645131	0.14775339	-0.17994729	0.1309718	0.07724559	-0.13156617	0.22418304	0.13766883	-0.2420751	-0.2003767	-0.12998568	0.18601337	-0.1370849	0.18847677
0.26990038	0.21633622	-0.2753155	-0.27277526	0.3232713	-0.3271331	-0.25624013	0.2748423	-0.2978763	-0.2820062	0.3185074	0.28883022	0.288023	-0.27789718	0.3155607	-0.30815312
-0.17972346	-0.22423261	0.23341104	0.25515023	-0.24436723	0.24753658	0.09115094	-0.17708042	0.2049045	0.21680659	-0.22330837	-0.23386107	-0.19853324	0.20279655	-0.23803645	0.25759342
0.15150619	0.13034919	-0.18812597	-0.17851564	0.17109364	-0.24388406	-0.3767139	0.202382	-0.20775372	-0.17775689	0.1742648	0.18724683	0.2510638	-0.15116589	0.18643133	-0.20827955
0.39344165	0.28467232	-0.37316677	-0.39626786	0.38769138	-0.3974748	-0.44457325	0.39482233	-0.32435638	-0.33773702	0.41351256	0.34730834	0.33921462	-0.34374526	0.4054451	-0.37958917
-0.1314326	-0.07383901	0.047421806	0.1298719	-0.071516275	0.1047272	0.14465408	-0.11835638	0.09131907	0.07285532	-0.11347986	-0.08537916	-0.08062591	0.086923674	-0.11749234	0.12087625
-0.13265459	-0.097603396	0.072776526	0.13219324	-0.07095223	0.116299056	-0.14479998	-0.103964	0.09578378	0.0828089	-0.15150745	-0.061631028	-0.06868974	0.12223777	-0.14343908	0.094206184
-0.81626743	-0.80318534	0.7956311	0.8317092	-0.76541287	0.821323	0.4004553	-0.6826952	0.8471771	0.7956043	-0.8357877	-0.7084535	-0.7266259	0.8072813	-0.8054804	0.8547767
-0.018998204	-0.07772422	0.046414528	0.072393745	-0.021781541	0.07567406	-0.04516028	-0.022858398	0.03053083	0.030393824	-0.10511624	0.0022561804	-0.028830804	0.013378214	-0.024711257	0.04247187
0.006904504	0.014095211	-0.0011468475	0.06561283	-0.019300777	0.033803824	0.021054361	-0.0119093945	0.003709841	0.0073026316	-0.054994434	-0.0317506	-0.03691028	0.04657433	-0.0389252	0.024717808
0.000750197	-0.056814354	0.07754549	0.013167538	-0.015116555	0.044906966	-0.083507925	-0.023969138	0.03905365	0.02967776	-0.044969752	0.0126911355	0.030938335	0.01074746	-0.042764448	0.016191496
-0.28823456	-0.28393435	0.2125648	0.30826297	-0.26597482	0.27615398	0.050208256	-0.23083253	0.29530555	0.22898024	-0.24435353	-0.18809289	-0.2668821	0.26603982	-0.2645539	0.31213745
0.32240346	0.24120672	-0.30513567	-0.3292197	0.31755796	-0.369335	-0.34458724	0.3232332	-0.33039045	-0.2900595	0.40640557	0.28923857	0.33572736	-0.28893948	0.32380942	-0.2879161
0.016671745	0.008446492	-0.037638217	0.008281171	0.0042728526	0.054077495	0.020038418	0.0015499345	0.010335064	0.055027086	0.045231834	0.052851655	0.0253594	-0.0008857782	0.04033347	-0.03306294
0.2728036	0.22354229	-0.24954972	-0.2863739	0.27609292	-0.29268834	-0.349344	0.27554512	-0.3058407	-0.32446566	0.36926943	0.34846655	0.31043917	-0.29871008	0.3271116	-0.28394613
-0.044454813	-0.07465828	0.04987595	0.081029005	-0.063538164	0.057857577	-0.2583848	0.021184202	0.06375388	0.028956681	-0.027382744	0.009594684	-0.033296663	0.04461227	-0.07300028	0.032553792
-0.1642524	-0.17265181	0.1511397	0.2205705	-0.2310751	0.24360433	0.10103739	-0.20584558	0.16157696	0.15540977	-0.16398354	-0.114740945	-0.18715054	0.1847557	-0.21894145	0.21337275
0.58324426	0.49836862	-0.58079433	-0.6492374	0.5912518	-0.6101648	-0.4689973	0.5997423	-0.59817797	-0.6182555	0.6559417	0.5598894	0.6189232	-0.6511189	0.65561396	-0.53982484
-0.5997838	-0.6107373	0.5423291	0.61670065	-0.58360386	0.74631315	0.13633831	-0.52899045	0.5225281	0.6672316	-0.5749836	-0.4742698	-0.5541058	0.5647687	-0.6208574	0.6419531
0.90668476	0.86727846	-0.82676274	-0.959454	0.91660774	-0.9811933	-0.7955446	0.82386667	-0.95987	-0.92880046	0.95113707	0.8968982	0.84336	-0.9054433	0.94900966	-0.88093174
0.48453662	0.46647763	-0.53694296	-0.5279376	0.4844327	-0.5555014	-0.57260525	0.5209286	-0.5425625	-0.55925566	0.54338	0.4906691	0.51187176	-0.55768466	0.5832454	-0.46809402
-0.09639985	-0.12572326	0.07862713	0.08060537	-0.11144922	0.09598741	-0.048879456	-0.0632559	0.10000454	0.077428535	-0.13682221	-0.0934747	-0.11134273	0.13402548	-0.093262464	0.027498897
-0.10665681	-0.09937825	0.10047774	0.13268462	-0.09531438	0.084352024	0.043079235	-0.04931453	0.13490807	0.09794003	-0.120087884	-0.06427874	-0.06656725	0.13641274	-0.06507405	0.13261832
-0.4872124	-0.47135335	0.47838834	0.5424939	-0.526326	0.5455896	0.29543364	-0.41227642	0.5128375	0.49165276	-0.51013297	-0.40407336	-0.47667965	0.46450704	-0.5101995	0.5429056
-0.08110291	-0.08091773	0.12324779	0.11561544	-0.08149367	0.10555859	0.07533369	-0.15871373	0.14513603	0.16388549	-0.055186223	-0.13749379	-0.13445033	0.11261089	-0.07779822	0.17014706
-0.022991799	-0.03209216	0.00087773846	-0.032941427	-0.019128237	0.031516228	-0.045087453	0.037229754	0.018620191	0.053209554	-0.048136946	0.050625514	0.020948032	-0.024659544	-0.045506954	0.048993338
-0.86206776	-0.81183517	0.8633142	0.9703319	-0.84295565	1.052198	0.5449759	-0.85878766	0.9292067	0.9672632	-0.98021096	-0.8103079	-0.8128153	0.85628206	-0.9406683	1.0074651
-0.5280707	-0.4198415	0.500647	0.48607445	-0.46387044	0.5276956	0.41538602	-0.3984962	0.44669315	0.47088796	-0.53261524	-0.43439186	-0.4823372	0.45544618	-0.5351245	0.46321604
-0.72491443	-0.7087016	0.7175886	0.78494304	-0.7063957	0.8384306	0.4256809	-0.71922946	0.7903366	0.82120895	-0.83387923	-0.69085944	-0.7342434	0.71461445	-0.7571541	0.83804274
-0.4581561	-0.43278664	0.3986256	0.46617487	-0.36740977	0.42714584	0.17379244	-0.34748533	0.45453683	0.4732297	-0.4904907	-0.3275825	-0.3598133	0.4557231	-0.45729712	0.4063573
0.27545837	0.21119595	-0.23360996	-0.25572595	0.18145165	-0.22570638	-0.21104974	0.14424467	-0.28231534	-0.23542733	0.29621464	0.2600034	0.30291072	-0.26142043	0.27205142	-0.18077192
0.88203514	0.8204329	-0.796257	-0.8798874	0.80805343	-0.8806204	-0.7612786	0.85255915	-0.8759275	-0.8382739	0.92011803	0.8478457	0.8504738	-0.8863262	0.9265755	-0.9237479
-0.43693706	-0.4582796	0.4216875	0.4231549	-0.3991389	0.5189905	0.35998625	-0.3895662	0.43794435	0.51760304	-0.52189785	-0.4297355	-0.40387237	0.44706976	-0.4441747	0.5176916
-0.84635234	-0.783115	0.80918396	0.8377447	-0.8344794	0.954012	0.5542451	-0.77880055	0.8707336	0.8354213	-0.8917005	-0.788397	-0.73165625	0.83704454	-0.8199256	0.98927003
0.33642215	0.33346456	-0.34446514	-0.3606677	0.40453133	-0.45659354	-0.39880133	0.40247914	-0.3763922	-0.42056537	0.35799646	0.33376142	0.41041848	-0.38441762	0.4289862	-0.40561038
-0.930178	-0.84441286	0.8711365	1.0013623	-0.9710248	0.96574765	0.74605227	-0.9102415	0.965938	0.95304024	-1.0087118	-0.8573949	-0.93085206	0.9303352	-0.94405955	0.9506414
-0.903389	-0.8871119	0.8450463	0.91209406	-0.9339408	0.9369706	0.59459066	-0.81269014	0.95218396	0.918115	-1.0045067	-0.88665944	-0.8834982	0.9691401	-0.9489504	0.9570561
0.15298703	0.18165949	-0.17367975	-0.17668056	0.1665281	-0.14385559	-0.20223778	0.17340061	-0.1654473	-0.11151051	0.22589722	0.26266322	0.20765503	-0.22133686	0.20727354	-0.18898438
-0.405993	-0.33167687	0.30195218	0.3454154	-0.35968113	0.37344274	0.337114	-0.2968781	0.3131967	0.3817146	-0.37162727	-0.29923472	-0.31517068	0.3119515	-0.35955772	0.42265025
-0.39969647	-0.3533379	0.3654643	0.41341668	-0.37483072	0.4367019	0.27274168	-0.3674272	0.37645465	0.43422478	-0.37631845	-0.3073901	-0.36168045	0.3649622	-0.42525014	0.41480294
0.007795459	-0.0058399467	0.016949391	-0.016726404	0.032006994	-0.04835753	-0.053913306	0.044653293	0.027184539	-0.02273654	-0.039483	0.07034071	-0.031899713	0.03144886	-0.02064542	0.0045129843
0.13177231	0.037213203	-0.12881942	-0.096887	0.13041997	-0.07479359	-0.20073721	0.13685331	-0.11793334	-0.113501675	0.116454355	0.11247235	0.1193669	-0.09799855	0.14321515	-0.11659693
0.4011025	0.35563725	-0.32256526	-0.4558877	0.3986656	-0.45980367	-0.39554903	0.3749951	-0.4001761	-0.42001757	0.4329996	0.4105512	0.43577048	-0.37388954	0.41821328	-0.4309347
-0.12466511	-0.11676034	0.092175156	0.10028809	-0.14461167	0.15119497	0.06362615	-0.11638107	0.08437749	0.06722315	-0.12359381	-0.051378626	-0.11551884	0.14101073	-0.07765595	0.07708372
-0.79379624	-0.69164956	0.75424504	0.77966803	-0.7577263	0.8462688	0.21921131	-0.6397736	0.7346872	0.7613081	-0.8516315	-0.6667852	-0.68184733	0.72344255	-0.82240516	0.7551585
-0.18838437	-0.27863646	0.24863987	0.17100736	-0.21796939	0.32909217	0.26533103	-0.25436035	0.22139652	0.27266857	-0.22388297	-0.1915665	-0.16036862	0.16019915	-0.2365047	0.30310297
0.28028858	0.23251201	-0.20103216	-0.2655936	0.26463455	-0.3215075	-0.27581495	0.3114742	-0.3175025	-0.25407696	0.25582883	0.2305071	0.22935206	-0.24183144	0.23537147	-0.2767447
0.7163614	0.6853787	-0.76098526	-0.7991155	0.70307064	-0.766533	-0.6577437	0.7328663	-0.73931986	-0.7227372	0.778732	0.74349135	0.72528803	-0.7200713	0.81539553	-0.7967414
0.2018746	0.21136871	-0.21177398	-0.19100715	0.2111266	-0.19834022	-0.17778938	0.19200397	-0.21617302	-0.18163994	0.25810757	0.2596225	0.23727791	-0.24371341	0.2028869	-0.16236109
0.11954593	0.07506138	-0.11873501	-0.0692852	0.1355161	-0.17793408	-0.42452815	0.19415891	-0.06913276	-0.14469339	0.08590761	0.11068779	0.15032037	-0.08401558	0.13636214	-0.1719153
-0.25589806	-0.25845483	0.29062235	0.25713095	-0.29915217	0.25514674	0.13067883	-0.1990734	0.31576946	0.29075563	-0.29961053	-0.19203515	-0.21849978	0.21898279	-0.25198364	0.21766451
-0.10310516	-0.08381068	0.08040522	0.035089985	-0.106878035	0.06360504	0.06139633	-0.054401673	0.063238055	0.11620361	-0.12292918	-0.0847779	-0.12895405	0.038207427	-0.093607485	0.093675174
0.40780023	0.34187457	-0.33166158	-0.38861954	0.35846224	-0.4179896	-0.36941674	0.3838643	-0.33573288	-0.4293481	0.44584218	0.39961532	0.34805486	-0.40201384	0.36948177	-0.3688998
-0.8500709	-0.7575962	0.7953906	0.8113801	-0.78977275	0.8335082	0.633654	-0.7444793	0.87557805	0.7843345	-0.840887	-0.7737558	-0.75486666	0.81423795	-0.8540311	0.8032548
-0.3696441	-0.26497614	0.349013	0.34439984	-0.37164918	0.3667808	0.14115298	-0.3434217	0.38167664	0.39533147	-0.36442783	-0.2705081	-0.36925352	0.3571928	-0.34392837	0.43238834
-0.78336173	-0.7105849	0.7546489	0.7336431	-0.74684733	0.801103	0.2660183	-0.6819148	0.7422494	0.80572224	-0.8149869	-0.56515145	-0.67025304	0.7618287	-0.74454606	0.8593047
-0.52050555	-0.51204294	0.4448929	0.5698089	-0.46046123	0.59000444	-0.12607649	-0.40439287	0.5244053	0.5126341	-0.5541785	-0.38990602	-0.4571976	0.50195175	-0.52279854	0.5911269
-0.39304522	-0.33630794	0.32023802	0.4109397	-0.33083093	0.41713813	0.09883572	-0.27440134	0.39668018	0.41740757	-0.42968678	-0.31090352	-0.3497911	0.40021378	-0.37093124	0.3200743
-0.7390875	-0.76144344	0.77022415	0.81187767	-0.8253925	0.8443475	0.4327379	-0.72531533	0.8481425	0.87122655	-0.85665137	-0.72965914	-0.7195589	0.7502877	-0.82141846	0.8555763
-0.04234023	-0.06085193	0.07363506	0.024871528	-0.00137192	0.020654283	0.0044264332	-0.09202718	0.07842829	0.06291562	0.0005766274	-0.03648925	-0.045164905	0.049229585	-0.086359896	0.004797125
0.5207647	0.457815	-0.5382471	-0.5799374	0.4744781	-0.57655424	-0.5056204	0.55949277	-0.54339015	-0.54792833	0.6503809	0.5731655	0.5918666	-0.5765262	0.6139331	-0.6140906
0.2401395	0.30024663	-0.28006902	-0.25277698	0.2724435	-0.3702772	-0.39553586	0.31880915	-0.2761062	-0.26844755	0.32256442	0.2955848	0.30361572	-0.3167163	0.3311575	-0.29870835
0.13068406	0.12009417	-0.05713375	-0.13851067	0.11023738	-0.053699818	-0.23008771	0.18091221	-0.16113229	-0.1287365	0.1235492	0.16018684	0.103963	-0.13204786	0.1316951	-0.065926395
0.8465856	0.7013135	-0.81287116	-0.874223	0.8360117	-0.8047925	-0.6619624	0.7409103	-0.86700493	-0.8226533	0.9471673	0.8467501	0.78678226	-0.87035286	0.8775962	-0.79787904
0.34834573	0.20507668	-0.30469638	-0.34579048	0.32966942	-0.33213428	-0.39520755	0.3259147	-0.26408562	-0.27933872	0.3187505	0.27253655	0.28834856	-0.2893434	0.27119103	-0.28331143
0.038753424	0.011783156	0.043067038	0.042755622	0.027359782	0.013309298	-0.25685552	0.07043174	-0.004138908	0.042475943	-0.0025935075	0.012250138	0.08004929	-0.00391605	-0.029341	0.0040648067
-0.38063705	-0.37431774	0.36150724	0.4356212	-0.40139404	0.3845924	0.28470284	-0.35961208	0.44804224	0.46114743	-0.46368423	-0.3654135	-0.427653	0.3791924	-0.46666723	0.39073104
-0.8301122	-0.81629544	0.78872734	0.8802528	-0.87625575	0.9743091	0.6924484	-0.7688847	0.89076173	0.85647196	-0.8741464	-0.78725886	-0.8285857	0.82930994	-0.8782519	0.92373866
1.0160877	0.8998982	-0.93730044	-0.9705831	0.95860195	-1.0775244	-0.81797653	0.9248394	-0.98114413	-0.9634149	1.0344347	0.9198592	0.89936525	-1.012234	1.0303346	-1.0420805
-0.2126249	-0.23508614	0.2346737	0.21329747	-0.17126244	0.12261736	-0.046304204	-0.17002536	0.22200958	0.19094348	-0.24924806	-0.17438936	-0.123764865	0.23994114	-0.20317571	0.20306405
0.93867415	0.8481224	-0.94973606	-0.9507017	0.9661699	-1.0598944	-0.8328228	0.8935471	-0.96828324	-1.0019332	1.0043459	0.9396291	1.0042586	-0.9648805	0.99974835	-0.97235924
1.0182503	0.8907653	-0.94041973	-1.0226275	0.945501	-0.99697834	-0.79168206	0.94288254	-1.0676115	-1.0114926	1.023773	0.92090005	0.9670193	-0.9793141	1.0625901	-1.0347265
0.8054579	0.7546082	-0.7942602	-0.7839132	0.7735546	-0.8741552	-0.6879673	0.71663517	-0.8288253	-0.84819585	0.8023971	0.7351756	0.7758226	-0.8175578	0.786302	-0.85995746
-0.6716874	-0.70598763	0.70298034	0.66652954	-0.691592	0.7860167	0.54987377	-0.6488255	0.68070245	0.71934396	-0.7098535	-0.6195863	-0.6387496	0.64245266	-0.6758608	0.79311246
0.17310442	0.12338529	-0.13724113	-0.12614183	0.16649517	-0.16575941	-0.18048464	0.15061218	-0.12156797	-0.16793074	0.14012241	0.19165061	0.16831884	-0.1902294	0.20377064	-0.1335651
-0.14900286	-0.13502912	0.12112755	0.17562045	-0.15349267	0.18542467	-0.0035501951	-0.16387932	0.11307411	0.119258195	-0.13017406	-0.14781713	-0.09672791	0.16821793	-0.17473039	0.1769132
-0.21908247	-0.20991307	0.16617021	0.16086246	-0.20934568	0.17106524	0.08151565	-0.15891206	0.17206118	0.16852945	-0.23939662	-0.12739787	-0.13171448	0.15539561	-0.17210369	0.20709379
0.14477934	0.10665561	-0.10165221	-0.10926336	0.11093111	-0.17284791	-0.1782099	0.06878999	-0.18741205	-0.12338784	0.15106918	0.12581433	0.11916858	-0.14098838	0.17520505	-0.11172984
-0.92844266	-0.868517	0.8780777	1.0326185	-0.92238075	1.0170454	0.81891865	-0.8586574	0.9113609	0.94039243	-0.99733096	-0.9165472	-0.96063715	0.9581256	-0.9167977	0.9588441
-0.2932991	-0.2455315	0.28655404	0.32247907	-0.26951763	0.2919041	0.22728951	-0.28637502	0.30806512	0.27538714	-0.24599944	-0.29199755	-0.2626707	0.32394665	-0.24329609	0.2782247
-0.022212131	-0.05508387	0.013573162	0.098042876	-0.08208867	0.035134476	-0.113126405	-0.04130949	0.08380879	0.006533534	-0.030501615	-0.050670214	-0.065076694	0.109686196	-0.09083121	-0.00023387528
0.100944415	0.06429265	-0.16591917	-0.19036674	0.11930653	-0.0698475	-0.14488891	0.08325784	-0.18997116	-0.1421296	0.14737393	0.13402018	0.1384513	-0.12237776	0.17153679	-0.08562674
-0.50771236	-0.47104746	0.45464233	0.49463585	-0.45550272	0.57115865	0.032134034	-0.35940957	0.4611373	0.5082727	-0.48293164	-0.3951242	-0.39527848	0.48245522	-0.5489775	0.5219568
-0.8172138	-0.7845585	0.8403492	0.8821924	-0.7658038	0.88402975	0.70721275	-0.7952657	0.8703625	0.84600985	-0.86839867	-0.7461072	-0.7613797	0.83300227	-0.902235	0.8904116
0.016280219	0.022955434	-0.009816336	-0.09824748	0.016898112	-0.03761855	-0.047689408	0.10916196	-0.021776278	0.001486219	0.030868746	0.08219848	0.09703554	-0.026861949	0.09735139	-0.0059896028
-0.49983335	-0.44265202	0.5122178	0.46102536	-0.51398927	0.47304398	0.3869813	-0.42309058	0.49111372	0.45556465	-0.50341904	-0.49566546	-0.5012204	0.5444536	-0.4753783	0.5006266
-0.87110424	-0.8762783	0.8208387	0.8832805	-0.8837637	0.983936	0.80206496	-0.8402681	0.90532607	0.94538015	-0.98765	-0.8646781	-0.8445577	0.84329015	-0.9621172	0.9640591
-0.59014714	-0.5242305	0.5201502	0.61377186	-0.59320897	0.642363	0.55221975	-0.5257331	0.5523822	0.6281856	-0.6012207	-0.50615084	-0.5547585	0.55413306	-0.6248239	0.59130645
-0.72576195	-0.6350293	0.629175	0.7100038	-0.6621491	0.75586873	0.50395167	-0.66567236	0.6824061	0.74263835	-0.7375893	-0.6321956	-0.66092944	0.7073886	-0.6946144	0.7179559
0.35132414	0.2671049	-0.3326187	-0.376709	0.3144829	-0.44139445	-0.40656576	0.33794495	-0.32356933	-0.3160281	0.4114216	0.33744416	0.3065915	-0.29816455	0.34710017	-0.403236
0.39570826	0.35014945	-0.40007985	-0.45329788	0.4251444	-0.47222936	-0.52366495	0.42246085	-0.4737989	-0.38021812	0.38499224	0.4029765	0.41416186	-0.40809268	0.41474018	-0.46054977
0.26320922	0.2919871	-0.29602513	-0.287353	0.2824473	-0.4011725	-0.44210905	0.36390188	-0.29122564	-0.2944229	0.31755736	0.2918073	0.33008537	-0.25950342	0.35536298	-0.3712671
0.34270573	0.36035386	-0.33820105	-0.38426	0.36595213	-0.3331041	-0.32045355	0.41610116	-0.3419193	-0.33356917	0.39456275	0.40092817	0.438953	-0.3655973	0.45238844	-0.3451867
0.88577056	0.77819806	-0.79774773	-0.8337823	0.7954626	-0.90325224	-0.6249602	0.7973802	-0.8203417	-0.8402912	0.9314879	0.8366276	0.8308911	-0.7973852	0.8161167	-0.83597934
0.81354386	0.7082897	-0.76252514	-0.86062485	0.7475032	-0.8247043	-0.65999013	0.76552016	-0.8094156	-0.7957178	0.854014	0.7709588	0.7809123	-0.78072757	0.80675894	-0.79337144
0.6473479	0.597755	-0.6350957	-0.66310817	0.6109502	-0.7184516	-0.57501155	0.6181035	-0.6699222	-0.6404343	0.7655554	0.681276	0.69150734	-0.62968075	0.6765909	-0.74149597
0.07883973	0.091332704	-0.13265313	-0.14762612	0.092030525	-0.04143679	-0.11160081	0.11315668	-0.07383136	-0.076124	0.17147917	0.1188658	0.13852917	-0.09798053	0.08907312	-0.14385065
0.55478066	0.5312254	-0.56394	-0.55263275	0.48598754	-0.53605855	-0.4182673	0.50945306	-0.50264907	-0.5296185	0.60490924	0.5402502	0.5016521	-0.50924087	0.50862265	-0.49645668
0.39595208	0.2739054	-0.36149162	-0.38098192	0.33545056	-0.3484708	-0.31484324	0.36247507	-0.36333266	-0.32882544	0.348838	0.38709292	0.3415077	-0.39891684	0.3881957	-0.32376206
-0.1536255	-0.1864315	0.20825212	0.23451109	-0.14980483	0.15949377	-0.039122887	-0.09988286	0.22771952	0.23954727	-0.19161159	-0.12362302	-0.15237583	0.22815791	-0.21308361	0.2088308
0.075548686	0.113040924	-0.11017216	-0.08151884	0.08551236	-0.10868372	-0.056753792	0.040782284	-0.0375587	-0.09303917	0.12681541	0.08341456	0.11139777	-0.1267813	0.12715295	-0.093184575
0.12640437	0.1323171	-0.11355165	-0.09419191	0.1095302	-0.03932095	-0.09429261	0.08721387	-0.15523808	-0.09554934	0.14506519	0.07454184	0.11149557	-0.1363309	0.16445702	-0.071868256
0.5184135	0.27952716	-0.38897562	-0.48193923	0.49578598	-0.45253795	-0.44336674	0.49159557	-0.54984796	-0.4126636	0.51789767	0.50705016	0.51035404	-0.5088072	0.50766677	-0.46413073
-0.2881778	-0.2645982	0.27317855	0.28147852	-0.29773965	0.37518984	-0.07129542	-0.18492706	0.25113228	0.25873536	-0.21753916	-0.17438948	-0.18686913	0.24766374	-0.2493664	0.29723752
0.43096134	0.38533023	-0.3970404	-0.44571367	0.39742705	-0.42366517	-0.45788348	0.35639963	-0.39797935	-0.370435	0.4774745	0.3877283	0.4469829	-0.40955964	0.46923903	-0.45745838
0.095215365	0.06343331	-0.09427074	-0.11936727	0.08972498	-0.042483304	-0.022790095	0.07799623	-0.13316388	-0.111238234	0.09681392	0.055889435	0.060799766	-0.06935763	0.060377985	-0.105201915
-0.11338921	-0.025452891	0.09648917	0.07353514	-0.046645757	0.034324586	-0.13610761	-0.0005229839	0.07806709	0.09670073	-0.055458944	-0.039320637	-0.07308105	0.081225775	-0.115998864	-0.012312429
0.29075867	0.27288094	-0.26809567	-0.3216337	0.31956044	-0.34909326	-0.3455081	0.31378663	-0.3542717	-0.33727673	0.3990915	0.34664416	0.30028516	-0.35544184	0.29907238	-0.34512347
0.21260016	0.19736971	-0.18056977	-0.25178444	0.24683166	-0.31865975	-0.36102995	0.24294458	-0.21404412	-0.21043141	0.21042797	0.22516441	0.2030846	-0.23175786	0.27289578	-0.32587707
-0.08884653	-0.090217374	0.11733156	0.11550639	-0.100970715	0.060999878	0.061717518	-0.039118722	0.114101626	0.05017407	-0.1014996	-0.019253287	-0.033725422	0.09467592	-0.11400645	0.07616958
0.17889147	0.13157319	-0.12948266	-0.18587482	0.09966784	-0.22012989	-0.27551568	0.15220872	-0.12946054	-0.13754651	0.18474421	0.124958515	0.11919259	-0.14370897	0.11382597	-0.18566482
0.112248905	0.1295874	-0.055941664	-0.07883113	0.07552346	-0.1582137	-0.2673663	0.18051048	-0.11079724	-0.14669241	0.028742867	0.15080778	0.09332649	-0.091585256	0.09954033	-0.1102437
0.20852691	0.26858968	-0.2659813	-0.23673913	0.2386145	-0.22997604	-0.17322773	0.17321114	-0.2041224	-0.20537412	0.20321554	0.26808816	0.2530789	-0.26985243	0.2379212	-0.18291546
-0.055477113	-0.028118549	0.051802114	0.10695318	-0.051510766	-0.011317233	-0.24002054	0.072802745	0.046022106	0.0016224801	-0.048520997	0.0013329422	-0.031899977	0.04097422	-0.01882232	0.041413166
0.5130224	0.5324848	-0.5419352	-0.5269946	0.49346885	-0.59638065	-0.5079587	0.45570183	-0.5235959	-0.59715205	0.5750397	0.4750153	0.5593839	-0.577333	0.52655905	-0.598555
0.9091294	0.8197391	-0.85821056	-0.8781279	0.88756543	-0.94969714	-0.72990346	0.786482	-0.8568495	-0.83887756	0.88654923	0.8498749	0.8750136	-0.8682172	0.87052864	-0.8732303
-0.22060125	-0.24979572	0.2458497	0.25605506	-0.2539363	0.30186436	0.27493775	-0.26396653	0.2701265	0.26979682	-0.25674334	-0.27001995	-0.2887203	0.30496734	-0.26707098	0.37003416
-0.46371862	-0.43840778	0.45296437	0.43845278	-0.3769426	0.46413082	0.17596227	-0.34438294	0.4691342	0.41558263	-0.47573608	-0.41145134	-0.43744248	0.43501684	-0.45362195	0.4382455
0.837546	0.6684691	-0.7720277	-0.7758672	0.72805786	-0.905645	-0.63726765	0.76919466	-0.8134907	-0.8364855	0.8513358	0.77227384	0.7748362	-0.80645895	0.8567504	-0.8496555
0.39767566	0.2859533	-0.3460609	-0.37326103	0.37165388	-0.36355197	-0.24169314	0.3692496	-0.35088944	-0.33767378	0.37073332	0.36751974	0.3131569	-0.35544327	0.3329279	-0.36667782
0.25460154	0.20881133	-0.27240893	-0.26981878	0.26809463	-0.29443395	-0.18822555	0.20557615	-0.2382805	-0.2621905	0.23939586	0.19595031	0.22560646	-0.24877532	0.21782409	-0.2504446
0.13364996	0.12509999	-0.15493728	-0.12475746	0.19467695	-0.0903651	-0.25531372	0.21383539	-0.21009213	-0.1468701	0.16217935	0.19166483	0.2290109	-0.13937698	0.22820252	-0.08671598
-0.51892936	-0.44951817	0.44139066	0.53791076	-0.42503902	0.549758	0.34190175	-0.45612252	0.5221897	0.50352436	-0.53033733	-0.43807217	-0.4995279	0.43520403	-0.4845756	0.45631763
-0.071585916	-0.14159174	0.18494064	0.14626183	-0.18297744	0.21731232	-0.043033928	-0.056942325	0.125821	0.22484556	-0.12337587	-0.050797045	-0.11628675	0.16421619	-0.1286154	0.17740996
0.02595222	0.015116513	-0.0052920114	0.062314544	-0.04311026	0.06988731	-0.037670504	-0.009256932	0.0502978	0.014607339	-0.010354677	-0.017722074	-0.068026036	0.035324387	-0.016219022	0.03380283
0.09925391	-0.0006706055	-0.03032782	-0.025807457	0.0013639871	-0.08827282	-0.2037155	0.09363718	-0.08940438	0.00021626303	0.08497056	0.15264125	0.14978944	-0.07276347	0.03654941	-0.07273117
-0.1398588	-0.0942162	0.084872685	0.07015648	-0.10113546	0.13076428	0.13055596	-0.13797005	0.15971732	0.10693377	-0.07622353	-0.03983166	-0.038233582	0.12222744	-0.16208334	0.17971529
0.2190327	0.15347153	-0.2014022	-0.22278278	0.22799675	-0.24770395	-0.34709176	0.24792086	-0.25426072	-0.24887119	0.19784206	0.21776657	0.24558645	-0.21585947	0.2409337	-0.25841236
-0.12914354	-0.10249753	0.18370208	0.12125778	-0.17390038	0.131721	0.15203708	-0.12986885	0.15170938	0.19121352	-0.14432964	-0.12574822	-0.15942188	0.18961412	-0.10287671	0.17960379
-0.21492314	-0.16152833	0.17380023	0.13710338	-0.1237217	0.14088106	0.09940415	-0.19035575	0.132567	0.17958523	-0.1297489	-0.18177268	-0.18376355	0.17802542	-0.21860813	0.17053276
0.662974	0.5918468	-0.6453839	-0.68186086	0.6435766	-0.7912135	-0.5855364	0.64319396	-0.6975264	-0.6756897	0.7803868	0.6676199	0.7237209	-0.708826	0.7168535	-0.7938207
-0.107452884	-0.1597166	0.1818234	0.1560485	-0.12543015	0.22954156	0.19347484	-0.12602408	0.13144852	0.18383707	-0.18288216	-0.11350592	-0.18611875	0.19761547	-0.13022655	0.2515363
0.4126446	0.43244705	-0.4542538	-0.4321389	0.41039437	-0.50593615	-0.3604689	0.45099062	-0.44837674	-0.450326	0.42792946	0.4567493	0.3720544	-0.43903324	0.4615434	-0.46684855
0.7346033	0.6408629	-0.7116497	-0.77174276	0.7577142	-0.73336124	-0.627318	0.7444063	-0.7413995	-0.7124893	0.8340165	0.71993595	0.69606	-0.720954	0.79389423	-0.7291996
0.62903786	0.49629825	-0.56874627	-0.65476775	0.6185201	-0.70315313	-0.5378646	0.5616264	-0.6613622	-0.57072544	0.6556182	0.65713745	0.606611	-0.6671784	0.6315472	-0.5586283
-0.6994506	-0.6297973	0.6226191	0.7140176	-0.68797946	0.7637097	0.5035007	-0.60567504	0.6322103	0.6995862	-0.6878575	-0.6380431	-0.688429	0.6278472	-0.645738	0.71626925
-0.66595036	-0.63349104	0.6739866	0.77799994	-0.70880556	0.85124713	0.48892096	-0.5738188	0.77248085	0.7862692	-0.7939256	-0.6351983	-0.6656254	0.70995796	-0.7477507	0.8966966
-0.27471745	-0.3102622	0.24102953	0.27070683	-0.26076764	0.32375067	0.24422257	-0.290275	0.2512168	0.32406187	-0.3622561	-0.25907427	-0.28831977	0.29695877	-0.29276228	0.31778157
-0.10773959	-0.14744245	0.11543854	0.1311256	-0.1151031	0.13494247	0.14895767	-0.16206555	0.16546111	0.1591238	-0.1881717	-0.19254906	-0.1339095	0.15419436	-0.19415165	0.117968425
-0.91751474	-0.808421	0.8817081	0.9574778	-0.8544612	0.9300202	0.7226807	-0.8296672	0.8904385	0.88617533	-0.9875122	-0.8112709	-0.86266744	0.8687532	-0.9566517	0.9077987
-3.473107e-05	0.027171088	-0.007254013	0.025487587	-0.006958288	-0.014467725	-0.08121185	0.01652925	0.012783922	0.0063459133	0.04206402	-0.006981958	0.065616295	0.030252019	-0.040440768	-0.027138777
-0.6329449	-0.59993535	0.5590924	0.6651501	-0.6196907	0.7131124	0.21867818	-0.45088443	0.6439544	0.59672123	-0.63450146	-0.5311404	-0.548371	0.590382	-0.59470516	0.6140183
-0.07484235	-0.023814436	0.08626051	0.07208773	-0.07241742	0.07685131	0.10576522	-0.0060495436	0.05021187	0.04087805	0.013413537	-0.019289255	0.025056647	0.0027209339	-0.028580634	0.046241432
0.3930098	0.24268931	-0.34468007	-0.3930368	0.3357279	-0.46827552	-0.5209667	0.46715552	-0.34462583	-0.3919551	0.43357718	0.39033926	0.44237688	-0.352923	0.35452327	-0.44329688
0.5487986	0.49353048	-0.5013794	-0.48713058	0.47539306	-0.5822509	-0.58599335	0.59656245	-0.4772654	-0.53701824	0.49283066	0.57002366	0.56314725	-0.51637405	0.5115959	-0.5813247
0.39833537	0.36697894	-0.3206211	-0.39408934	0.3507362	-0.4435697	-0.35991424	0.39227065	-0.34014472	-0.38023266	0.37940407	0.40560746	0.3802509	-0.34926742	0.35757464	-0.4513252
-0.48292297	-0.46175307	0.45398462	0.52151656	-0.42088154	0.47966647	0.35719877	-0.38465136	0.5084348	0.4879048	-0.5231914	-0.43689692	-0.48997518	0.45714986	-0.46502113	0.5174293
0.0033052233	0.027458971	-0.057180595	-0.031132843	0.060024388	-0.049219463	-0.12206736	0.03889686	-0.06448521	0.0074867373	0.007961221	0.08350458	0.005683716	-0.07310208	0.06349338	-0.034410592
0.81741667	0.7152963	-0.6894561	-0.7508648	0.741729	-0.8231603	-0.6281415	0.67719495	-0.8161474	-0.74723417	0.8452033	0.7212437	0.71447045	-0.7855529	0.8222421	-0.82044935
-0.3980633	-0.33336267	0.35072795	0.40546	-0.31900817	0.407902	0.33786082	-0.35839722	0.35349625	0.33051392	-0.34017602	-0.36965445	-0.32364643	0.3572797	-0.3315724	0.39141685
-0.63021094	-0.56868035	0.62867004	0.60998005	-0.6219941	0.6903924	0.5557618	-0.5754482	0.6676032	0.6289674	-0.66260356	-0.56109303	-0.6053481	0.6415084	-0.6065077	0.6501145
0.18014954	0.19246171	-0.22380702	-0.25303245	0.19152679	-0.17116117	-0.13992797	0.20013693	-0.20800783	-0.13930054	0.21067163	0.20179732	0.20370816	-0.19785212	0.17499362	-0.18719792
0.33135262	0.31384873	-0.3539308	-0.2719593	0.30576596	-0.27284333	-0.41882184	0.35654622	-0.34961194	-0.2812279	0.352746	0.33964697	0.33923966	-0.31343296	0.3274452	-0.25978065
-0.17870682	-0.20223123	0.16310795	0.19473086	-0.12577844	0.24025455	-0.11111851	-0.113481514	0.1298223	0.13143153	-0.19271316	-0.12108186	-0.09090086	0.14312729	-0.13971014	0.13503748
-0.8286137	-0.8262641	0.8612916	0.9325048	-0.8280349	0.95300114	0.5662495	-0.7492393	0.86118376	0.85261726	-0.87847924	-0.7690458	-0.8492731	0.86223227	-0.9073812	0.8953487
-0.0795746	-0.088975415	0.1402062	0.15280841	-0.046666846	0.03807334	-0.15893514	-0.05673092	0.1455509	0.08416801	-0.08218062	-0.005330201	-0.087938	0.06882678	-0.122045055	0.088803485
-0.36616	-0.3671487	0.33664715	0.37732777	-0.3965765	0.41449824	0.14658907	-0.3696074	0.40171066	0.41580507	-0.4241935	-0.30483165	-0.32367405	0.3994922	-0.42893234	0.35292548
0.10591897	0.15930799	-0.09431194	-0.139127	0.098356016	-0.14338917	-0.09460734	0.1155155	-0.096727036	-0.12535499	0.11717361	0.14067	0.15814638	-0.18577476	0.18628666	-0.096854
0.08759557	0.034733508	-0.053486835	-0.029937362	0.07871273	-0.009076631	0.09684196	0.044923604	-0.059593614	-0.04652351	0.09390577	0.013166739	0.0082321605	-0.09453272	0.019706639	0.034189973
0.45864022	0.48990443	-0.49573267	-0.5317306	0.50161487	-0.46983454	-0.40547052	0.47990403	-0.52958894	-0.4410306	0.46650177	0.4820769	0.4457031	-0.47539666	0.5402568	-0.487177
0.8521423	0.7666185	-0.87956476	-0.8549815	0.8837664	-0.9642914	-0.7459109	0.74643826	-0.8901619	-0.88440067	0.93414044	0.83813345	0.82361525	-0.8190609	0.9048245	-0.8897699
-0.826578	-0.7538384	0.83268	0.86870664	-0.8085497	0.8732812	0.7183165	-0.7488439	0.8394238	0.91031	-0.87699616	-0.7520132	-0.76329	0.8198935	-0.8146965	0.9333267
-0.19594601	-0.15129988	0.13778922	0.14049122	-0.12981395	0.12613544	0.091563344	-0.142321	0.12975353	0.15581948	-0.17147559	-0.15360355	-0.16863093	0.20264569	-0.11029932	0.12187379
-0.35813865	-0.35466024	0.359334	0.3504666	-0.3103749	0.37869632	0.09697127	-0.29903525	0.3370832	0.3871772	-0.3212994	-0.2186581	-0.28402373	0.31493047	-0.2981609	0.3706893
0.08204169	0.08541493	-0.043386508	-0.122756556	0.06798949	-0.15362725	-0.0637481	0.070954256	-0.049528718	-0.13781947	0.038228992	0.06354372	0.03077863	-0.044536635	0.09837453	-0.12079096
-0.23458071	-0.30715418	0.2543891	0.24230102	-0.26831433	0.300986	0.107097134	-0.23290141	0.27171162	0.2373426	-0.26282936	-0.23098457	-0.17877533	0.2593933	-0.30088192	0.2658179
-0.6218278	-0.5911075	0.5703419	0.6948734	-0.66945696	0.65128267	0.49154913	-0.6008785	0.6194479	0.66176903	-0.6770819	-0.5699364	-0.5948002	0.65230554	-0.6957932	0.6672785
-0.80404776	-0.7412074	0.69132656	0.7912437	-0.77806485	0.7959959	0.6715881	-0.631845	0.8158258	0.79721546	-0.8536944	-0.72159183	-0.73707724	0.73182666	-0.80772656	0.7401272
-0.1769651	-0.21957076	0.21351513	0.19699235	-0.19433884	0.23909806	-0.08556824	-0.10513493	0.26492393	0.23611711	-0.19270588	-0.17723323	-0.18224548	0.24614066	-0.21797664	0.23058324
0.8314414	0.75050884	-0.833461	-0.89219177	0.82255244	-0.8015077	-0.66968054	0.7157323	-0.8215308	-0.813574	0.88452697	0.8111676	0.8295259	-0.7897869	0.81728435	-0.7755298
-0.40228987	-0.39277017	0.38568553	0.3918165	-0.41567883	0.48267192	0.15798429	-0.3847483	0.4417955	0.4380458	-0.38861	-0.3456327	-0.35088503	0.38416097	-0.43934497	0.40248755
-0.016666403	0.012160719	0.050376043	0.0066864	0.012666033	0.023740612	-0.03035799	0.019310564	-0.023583882	-0.015353255	-0.028472856	-0.012287879	0.057810538	-0.030160097	-0.0059491093	0.07927489
0.23933284	0.12166336	-0.18187787	-0.20426443	0.16641723	-0.127945	-0.20459533	0.15476137	-0.152188	-0.108487025	0.16542621	0.26868498	0.22898804	-0.14999147	0.14874159	-0.102064006
-0.44434834	-0.43032146	0.39637032	0.45501876	-0.44978055	0.4481383	0.3282536	-0.39123464	0.44140536	0.48392344	-0.4593158	-0.41995406	-0.47100326	0.4742776	-0.45112032	0.46875313
0.054046936	-0.04080574	-0.036305342	-0.0631949	-0.024701605	0.042131778	-0.0052081035	-0.032369632	0.039089054	-0.05305982	-0.019707995	-0.020978767	-0.031058006	-0.013462936	-0.026679168	0.035874635
0.670278	0.52982324	-0.582837	-0.6426756	0.67586786	-0.70855457	-0.5683847	0.6034333	-0.683325	-0.65054715	0.7217779	0.5835981	0.61506206	-0.6071404	0.6952009	-0.64171183
0.42219228	0.26655963	-0.36307028	-0.42349568	0.43207836	-0.45442447	-0.40538964	0.416928	-0.45355824	-0.3549937	0.51594234	0.4600551	0.49068847	-0.4471165	0.47726172	-0.45911738
-0.1186331	-0.17447057	0.17538257	0.16101499	-0.12260763	0.17274883	-0.12830108	-0.041561667	0.09651932	0.23219888	-0.14177184	0.01506193	-0.04118239	0.08467371	-0.14631556	0.29213613
-0.17002286	-0.1803188	0.20744635	0.19446677	-0.19272864	0.25723577	0.10533121	-0.1987231	0.21185918	0.25210172	-0.24196109	-0.20235322	-0.18803762	0.15868852	-0.23287247	0.23045376
-0.16945493	-0.19849883	0.19030443	0.20186082	-0.19291629	0.27143613	0.17174923	-0.18284999	0.16972259	0.187464	-0.16527447	-0.124466896	-0.18188837	0.18551415	-0.2046376	0.23921789
0.57059765	0.4909476	-0.5675907	-0.5832403	0.5992889	-0.6137368	-0.5106976	0.5486968	-0.5780382	-0.5781838	0.667365	0.6267624	0.6175745	-0.5624114	0.58735204	-0.60282606
